customer_id,session_duration,logins,login_date
9605-WGJVW,72,7,2022-02-20
3021-VLNRJ,18,6,2022-07-09
4633-MKHYU,102,4,2022-01-05
2990-OGYTD,283,5,2022-07-30
7579-KKLOE,251,4,2022-07-14
9746-UGFAC,116,5,2022-01-01
1282-IHQAC,211,8,2022-04-14
7816-VGHTO,237,5,2022-12-27
0023-UYUPN,65,9,2022-04-11
1031-IIDEO,89,4,2022-05-08
0533-BNWKF,187,8,2022-12-19
1821-BUCWY,243,2,2022-11-01
2172-EJXVF,254,3,2022-09-06
6960-HVYXR,75,2,2022-12-17
6497-TILVL,232,2,2022-10-18
6023-GSSXW,89,4,2022-09-26
5343-SGUBI,275,4,2022-02-07
8950-MTZNV,294,7,2022-11-30
8590-OHDIW,240,4,2022-09-07
2929-QNSRW,295,7,2022-08-09
8399-YNDCH,43,7,2022-03-04
6786-OBWQR,210,8,2022-09-10
2234-XADUH,187,5,2022-09-22
4521-YEEHE,191,5,2022-06-13
5442-BXVND,137,2,2022-01-23
1641-BYBTK,34,3,2022-03-20
0013-SMEOE,259,2,2022-04-28
8309-PPCED,147,4,2022-07-04
6229-LSCKB,107,5,2022-02-28
9057-MSWCO,78,5,2022-10-30
9822-WMWVG,59,3,2022-09-09
2265-CYWIV,240,5,2022-03-30
0378-TOVMS,64,8,2022-08-17
5802-ADBRC,28,6,2022-12-09
0556-FJEGU,26,6,2022-11-27
9294-TDIPC,36,3,2022-08-26
9018-PCIOK,7,5,2022-10-19
3745-HRPHI,74,4,2022-10-22
3446-QDSZF,164,4,2022-11-17
2929-QNSRW,92,1,2022-02-13
4647-MUZON,63,8,2022-11-29
4537-DKTAL,256,5,2022-03-21
0134-XWXCE,223,7,2022-06-23
6034-YMTOB,205,7,2022-05-21
3779-OSWCF,81,2,2022-02-06
4770-QAZXN,259,5,2022-01-14
7301-ABVAD,251,6,2022-05-02
8224-KDLKN,274,6,2022-08-26
2272-QAGFO,143,0,2022-02-24
1409-PHXTF,82,5,2022-01-22
1904-WAJAA,84,7,2022-12-06
2834-JRTUA,14,5,2022-07-22
3726-TBHQT,128,4,2022-12-12
8650-RHRKE,190,6,2022-01-15
4369-NYSCF,38,3,2022-01-30
8035-PWSEV,125,2,2022-01-29
9154-QDGTH,84,3,2022-09-09
4945-RVMTE,210,3,2022-06-09
2202-OUTMO,57,9,2022-04-27
2519-FAKOD,160,6,2022-06-07
5791-KAJFD,278,4,2022-04-18
3521-HTQTV,139,4,2022-04-25
4534-WGCIR,102,6,2022-09-29
2626-URJFX,245,5,2022-12-04
4480-MBMLB,49,4,2022-06-25
3001-UNBTL,203,6,2022-08-19
3027-YNWZU,295,4,2022-10-11
9818-XQCUV,118,8,2022-11-14
7629-WFGLW,281,4,2022-09-07
3084-DOWLE,245,0,2022-02-25
8788-DOXSU,160,3,2022-11-27
0795-LAFGP,48,6,2022-09-30
1320-REHCS,84,6,2022-07-09
5090-EMGTC,142,5,2022-01-21
6859-QNXIQ,155,7,2022-06-14
9603-OAIHC,246,4,2022-10-12
7534-BFESC,147,5,2022-03-09
6661-EIPZC,54,4,2022-09-24
8285-ABVLB,266,6,2022-08-06
4652-NNHNY,165,11,2022-12-04
1732-FEKLD,66,5,2022-04-06
4030-VPZBD,59,4,2022-07-07
5583-EJXRD,35,3,2022-07-27
6713-OKOMC,294,6,2022-03-15
4163-KIUHY,173,2,2022-12-30
7766-CLTIC,270,5,2022-06-11
8033-VCZGH,189,3,2022-06-10
5449-FIBXJ,7,5,2022-03-01
2226-ICFDO,165,8,2022-01-26
5655-JSMZM,264,4,2022-12-28
9948-YPTDG,52,7,2022-01-25
4349-GFQHK,258,8,2022-09-15
2988-QRAJY,78,11,2022-12-12
8040-MNRTF,170,4,2022-12-06
2969-WGHQO,264,3,2022-01-03
0277-BKSQP,8,9,2022-10-15
0839-QNXME,123,6,2022-09-14
0794-YVSGE,277,4,2022-10-07
2165-VOEGB,230,6,2022-11-02
4075-WKNIU,74,6,2022-09-05
6172-FECYY,186,2,2022-02-13
4548-SDBKE,268,10,2022-02-02
0526-SXDJP,185,5,2022-10-21
7273-TEFQD,9,5,2022-04-22
8980-WQFWL,201,3,2022-11-04
1231-YNDEK,51,5,2022-10-18
1627-AFWVJ,44,6,2022-09-30
5143-EGQFK,126,7,2022-11-10
8695-WDYEA,139,4,2022-10-31
5859-HZYLF,144,1,2022-02-12
9190-MFJLN,157,6,2022-10-31
2692-PFYTJ,32,10,2022-02-13
0623-IIHUG,81,4,2022-10-16
1848-LBZHY,179,4,2022-03-28
9375-MHRRS,53,9,2022-08-18
0742-LAFQK,278,6,2022-03-24
9873-MNDKV,31,5,2022-07-23
2731-GJRDG,225,11,2022-05-10
3597-YASZG,126,5,2022-05-18
0691-JVSYA,73,6,2022-03-24
4062-HBMOS,75,6,2022-06-24
0219-YTZUE,154,2,2022-05-16
7075-BNDVQ,191,7,2022-04-17
9921-EZKBY,250,3,2022-05-31
2957-LOLHO,200,1,2022-04-19
5260-UMPWX,36,5,2022-08-10
9746-YKGXB,113,4,2022-12-14
4959-JOSRX,5,7,2022-11-15
2732-ISEZX,186,4,2022-11-29
1550-EENBN,178,4,2022-09-04
8990-YOZLV,173,4,2022-02-06
1991-VOPLL,252,2,2022-09-25
7711-GQBZC,112,6,2022-03-15
0719-SYFRB,268,4,2022-04-25
0716-BQNDX,34,7,2022-03-22
9967-ATRFS,229,4,2022-07-12
8630-FJLIB,93,5,2022-08-02
3744-ZBHON,238,6,2022-01-15
4817-VYYWS,172,6,2022-12-02
7278-CKDNC,235,6,2022-03-25
6296-DDOOR,130,6,2022-09-23
6023-GSSXW,65,4,2022-10-25
7128-GGCNO,124,4,2022-06-03
3669-LVWZB,194,9,2022-11-01
7096-UCLNH,125,4,2022-09-10
8200-KLNYW,52,9,2022-09-30
7872-BAAZR,206,4,2022-12-27
8671-KKKOS,63,5,2022-11-09
7766-CLTIC,189,4,2022-12-08
4709-LKHYG,227,6,2022-05-12
5858-EAFCZ,15,5,2022-07-18
6217-KDYWC,285,3,2022-11-21
9500-LTVBP,193,7,2022-12-17
2428-ZMCTB,241,7,2022-03-24
7404-JLKQG,38,4,2022-11-02
9565-FLVCG,139,6,2022-05-06
9330-IJWIO,66,2,2022-08-02
0635-WKOLD,231,3,2022-11-19
9541-PWTWO,97,7,2022-08-03
0655-RBDUG,120,6,2022-08-26
8999-XXGNS,137,5,2022-03-29
1535-VTJOQ,297,4,2022-04-23
5863-OOKCL,197,3,2022-04-15
1395-OFUWC,34,7,2022-03-04
0327-WFZSY,65,4,2022-08-27
3672-YITQD,32,7,2022-01-26
0867-MKZVY,81,6,2022-05-08
0093-XWZFY,125,4,2022-01-01
7041-TXQJH,7,7,2022-04-04
2834-SPCJV,41,3,2022-01-12
7880-XSOJX,151,6,2022-06-15
0442-ZXKVS,96,4,2022-10-25
3521-MNKLV,277,5,2022-09-29
1024-GUALD,91,4,2022-03-08
2091-MJTFX,44,3,2022-06-16
1960-UYCNN,182,5,2022-09-11
9058-CBREO,289,5,2022-12-21
6194-HBGQN,46,5,2022-09-10
5337-IIWKZ,289,4,2022-09-03
5019-GQVCR,70,3,2022-02-28
9962-BFPDU,128,4,2022-10-21
6168-WFVVF,149,8,2022-05-24
3785-KTYSH,124,7,2022-07-28
1640-PLFMP,113,3,2022-08-14
2172-EJXVF,96,4,2022-10-11
5343-SGUBI,64,3,2022-04-01
9921-ZVRHG,231,6,2022-04-21
0626-QXNGV,244,4,2022-08-28
0156-FVPTA,216,6,2022-12-16
1561-BWHIN,102,2,2022-11-29
6581-NQCBA,18,5,2022-03-21
0983-TATYJ,222,7,2022-07-23
9761-XUJWD,174,5,2022-08-26
2055-PDADH,284,3,2022-11-24
2265-CYWIV,214,5,2022-10-21
3518-PZXZQ,260,6,2022-07-03
1544-JJMYL,175,3,2022-07-31
1395-WSWXR,77,1,2022-09-08
4531-AUZNK,151,5,2022-08-15
6175-IRFIT,110,3,2022-06-16
0529-ONKER,98,4,2022-01-31
4735-BJKOU,67,4,2022-12-02
0690-SRQID,158,7,2022-05-31
1475-VWVDO,259,4,2022-06-11
2732-ISEZX,39,1,2022-04-06
1431-AIDJQ,257,4,2022-09-30
6394-MFYNG,161,3,2022-12-29
8084-OIVBS,138,6,2022-01-24
4706-AXVKM,133,2,2022-04-28
0363-SVHYR,284,6,2022-03-28
5119-KEPFY,256,8,2022-10-02
3247-ZVOUO,139,6,2022-02-19
6845-RGTYS,15,10,2022-11-23
9227-UAQFT,296,6,2022-04-22
9027-TMATR,152,5,2022-10-07
7760-OYPDY,84,5,2022-10-29
6199-IWKGC,195,2,2022-05-16
8566-YPRGL,34,3,2022-11-29
6064-PUPMC,233,2,2022-01-03
3567-PQTSO,88,5,2022-06-11
7321-PKUYW,154,1,2022-03-18
4189-NAKJS,193,5,2022-07-04
7743-EXURX,25,4,2022-02-27
9795-VOWON,41,3,2022-06-12
7776-QWNFX,250,5,2022-01-21
2254-DLXRI,287,1,2022-03-06
7311-MQJCH,106,10,2022-03-07
8979-CAMGB,298,1,2022-10-25
7169-YWAMK,236,13,2022-10-26
5445-UTODQ,292,4,2022-10-09
9128-CPXKI,249,3,2022-06-24
3426-NIYYL,181,8,2022-06-14
7649-PHJVR,217,5,2022-03-23
7442-YGZFK,106,5,2022-05-26
4236-XPXAV,290,1,2022-07-23
7248-VZQLC,26,1,2022-06-13
4465-VDKIQ,23,7,2022-04-14
3144-AUDBS,291,5,2022-05-10
6328-ZPBGN,280,6,2022-03-25
7610-TVOPG,151,6,2022-04-30
1371-WEPDS,44,7,2022-09-16
2959-EEXWB,171,3,2022-04-14
6469-MRVET,95,6,2022-12-30
3963-RYFNS,76,6,2022-02-03
0356-OBMAC,287,1,2022-06-23
1952-DVVSW,144,6,2022-11-22
3091-FYHKI,243,2,2022-08-20
2533-QVMSK,82,7,2022-07-04
7251-XFOIL,203,3,2022-12-10
3679-XASPY,21,6,2022-01-18
3190-ITQXP,222,5,2022-08-19
7010-ZMVBF,233,8,2022-05-15
6402-SSEJG,142,3,2022-02-14
0654-PQKDW,151,2,2022-04-22
5380-XPJNZ,214,5,2022-03-24
6618-RYATB,162,9,2022-02-08
1406-PUQVY,157,3,2022-09-11
7020-OZKXZ,167,5,2022-05-25
7028-DVOIQ,105,3,2022-11-13
3292-PBZEJ,159,3,2022-02-20
3898-GUYTS,14,4,2022-10-20
6173-ITPWD,187,6,2022-03-08
0516-QREYC,138,2,2022-01-24
9680-NIAUV,10,4,2022-05-02
6923-JHPMP,262,3,2022-02-18
6372-RFVNS,215,1,2022-05-29
7587-AOVVU,55,3,2022-07-04
3709-OIJEA,151,4,2022-09-07
2506-CLAKW,132,4,2022-05-25
8663-UPDGF,262,4,2022-08-31
4402-FTBXC,55,9,2022-12-31
3629-ZNKXA,158,11,2022-12-24
3890-RTCMS,74,4,2022-05-29
5701-SVCWR,280,4,2022-03-09
6572-ADKRS,283,2,2022-08-12
1298-PHBTI,138,5,2022-07-29
8375-KVTHK,224,6,2022-07-11
5702-KVQRD,167,3,2022-10-27
0266-GMEAO,140,4,2022-05-04
4818-DRBQT,61,2,2022-10-11
4032-RMHCI,181,6,2022-10-19
7811-JIVPF,119,8,2022-10-27
8380-PEFPE,153,6,2022-02-19
3723-BFBGR,245,6,2022-07-02
7123-WQUHX,127,6,2022-09-04
6754-WKSHP,296,5,2022-03-29
9846-GKXAS,73,2,2022-05-18
9489-DEDVP,67,2,2022-02-07
8046-DNVTL,225,1,2022-02-18
6869-FGJJC,20,5,2022-03-13
3417-TSCIC,82,3,2022-09-15
2309-OSFEU,126,6,2022-02-13
5442-UTCVD,262,3,2022-10-18
4680-KUTAJ,221,3,2022-04-26
4829-ZLJTK,118,6,2022-05-29
0188-GWFLE,150,8,2022-11-09
0793-TWELN,241,4,2022-12-13
9488-HGMJH,90,5,2022-10-06
2030-BTZRO,171,4,2022-10-15
7254-IQWOZ,133,6,2022-08-06
6023-GSSXW,169,3,2022-03-12
4983-CLMLV,281,5,2022-06-10
1047-NNCBF,261,3,2022-09-30
9750-BOOHV,136,7,2022-05-07
7026-YMSBE,62,4,2022-06-19
6615-ZGEDR,261,6,2022-01-17
7096-ZNBZI,145,6,2022-10-31
1699-HPSBG,178,3,2022-08-27
2868-SNELZ,179,4,2022-06-25
1555-DJEQW,213,11,2022-07-29
6298-QDFNH,208,7,2022-02-26
3174-AKMAS,11,3,2022-12-25
7190-XHTWJ,55,2,2022-07-08
5175-WLYXL,263,4,2022-02-13
4043-MKDTV,182,11,2022-05-02
6345-ULYRW,35,7,2022-11-05
3746-EUBYR,158,4,2022-02-02
7245-NIIWQ,59,4,2022-11-08
3999-QGRJH,160,6,2022-01-28
8695-WDYEA,48,8,2022-05-31
3192-LNKRK,85,4,2022-03-04
9677-AVKED,170,7,2022-01-07
5498-IBWPI,34,9,2022-04-21
8184-WMOFI,140,5,2022-05-10
6061-PQHMK,18,6,2022-05-12
3635-JBPSG,110,2,2022-01-08
6218-KNUBD,79,4,2022-11-01
9251-AWQGT,83,4,2022-01-29
0491-KAPQG,198,8,2022-12-04
6857-TKDJV,100,7,2022-11-07
4667-OHGKG,44,9,2022-12-17
1023-BQXZE,260,8,2022-01-06
5228-EXCET,111,5,2022-04-22
8577-QSOCG,21,5,2022-04-15
0376-OIWME,19,8,2022-07-26
5797-APWZC,276,9,2022-02-09
1334-FJSVR,17,6,2022-09-25
3537-HPKQT,251,8,2022-11-16
1769-GRUIK,218,4,2022-02-15
1320-GVNHT,155,3,2022-08-29
7602-MVRMB,296,4,2022-09-27
5692-FPTAH,47,6,2022-06-04
8305-VHZBZ,118,8,2022-04-26
6223-DHJGV,85,5,2022-02-06
0440-MOGPM,145,6,2022-07-24
5196-SGOAK,34,7,2022-09-06
2754-SDJRD,34,5,2022-04-20
1866-NXPSP,270,10,2022-11-14
8931-GJJIQ,103,2,2022-11-19
7714-YXSMB,98,6,2022-03-21
2834-JRTUA,215,4,2022-03-17
4138-NAXED,299,8,2022-09-27
1112-CUNAO,41,2,2022-04-08
3752-CQSJI,93,4,2022-03-17
1049-FYSYG,259,4,2022-10-09
7825-GKXMW,218,7,2022-03-22
2519-FAKOD,18,8,2022-12-30
9975-SKRNR,196,5,2022-11-05
0191-EQUUH,299,5,2022-03-04
9833-TGFHX,186,4,2022-09-24
8182-BJDSI,134,8,2022-02-02
5949-XIKAE,228,5,2022-10-24
7767-UXAGJ,47,4,2022-02-09
9919-FZDED,185,6,2022-06-23
6330-JKLPC,173,2,2022-09-17
2480-JZOSN,268,6,2022-08-12
3967-VQOGC,100,7,2022-08-11
0883-EIBTI,207,4,2022-09-24
6080-LNESI,72,7,2022-06-04
8544-GOQSH,96,3,2022-09-21
3675-EQOZA,270,7,2022-05-29
5542-NKVRU,182,2,2022-08-13
2612-PHGOX,155,3,2022-05-07
2815-CPTUL,51,5,2022-01-05
5087-SUURX,7,4,2022-10-15
8028-PNXHQ,107,5,2022-12-11
8637-XJIVR,277,6,2022-02-27
0687-ZVTHB,26,4,2022-03-13
5198-HQAEN,120,7,2022-06-04
8859-DZTGQ,108,5,2022-10-09
7801-KICAO,263,7,2022-06-17
5931-FLJJF,134,7,2022-01-29
8221-EQDGL,299,3,2022-03-23
6655-LHBYW,52,4,2022-09-20
3604-WLABM,31,7,2022-04-16
7493-TPUWZ,19,6,2022-10-04
3059-NGMXB,267,5,2022-12-18
1172-VIYBP,269,3,2022-01-10
3259-QMXUN,138,6,2022-03-03
8207-VVMYB,80,6,2022-08-12
1024-GUALD,34,6,2022-05-16
1095-WGNGG,130,5,2022-08-12
4536-PLEQY,88,3,2022-04-24
0195-IESCP,58,4,2022-09-17
4424-TKOPW,287,6,2022-06-06
6179-GJPSO,267,8,2022-08-17
7463-IFMQU,226,1,2022-04-10
8544-GOQSH,6,3,2022-09-12
6032-IGALN,150,4,2022-06-28
6297-NOOPG,22,8,2022-10-02
0617-AQNWT,20,7,2022-08-17
1834-WULEG,163,5,2022-01-31
2141-RRYGO,213,9,2022-04-18
2697-NQBPF,209,3,2022-10-09
8510-TMWYB,117,9,2022-04-19
2911-WDXMV,182,7,2022-01-29
1907-UBQFC,213,5,2022-01-17
2812-SFXMJ,128,8,2022-06-19
2982-VPSGI,19,4,2022-06-24
5949-EBSQK,49,6,2022-03-15
8080-POTJR,98,4,2022-08-28
7105-BENQF,111,5,2022-04-06
8007-YYPWD,282,4,2022-01-02
9053-JZFKV,132,4,2022-07-21
2700-LUEVA,42,2,2022-02-06
2971-SGAFL,101,6,2022-04-01
7285-KLOTR,202,8,2022-08-21
3910-MRQOY,196,5,2022-05-27
1925-LFCZZ,11,9,2022-10-24
4719-UMSIY,48,5,2022-09-10
7382-DFJTU,11,2,2022-07-31
1137-DGOWI,198,4,2022-03-05
4896-CPRPF,5,5,2022-01-05
0219-QAERP,66,1,2022-05-26
3957-SQXML,93,5,2022-03-13
1676-MQAOA,22,4,2022-04-15
0320-DWVTU,112,6,2022-11-26
9732-KPKBW,139,4,2022-02-05
6870-ZWMNX,71,3,2022-05-27
0505-SPOOW,97,5,2022-09-13
1024-KPRBB,142,4,2022-08-16
2359-QWQUL,193,10,2022-12-15
6435-VWCCY,63,3,2022-12-31
1042-HFUCW,191,4,2022-10-06
2700-LUEVA,239,4,2022-04-23
5449-FIBXJ,73,4,2022-01-11
5261-QSHQM,102,7,2022-07-13
1422-DGUBX,12,4,2022-08-12
0687-ZVTHB,138,5,2022-09-07
4154-AQUGT,60,5,2022-09-06
4697-LUPSU,118,4,2022-12-17
3223-WZWJM,92,9,2022-09-26
7182-OVLBJ,142,7,2022-12-08
4922-CVPDX,112,3,2022-10-18
8262-COGGB,27,6,2022-03-24
1686-STUHN,148,10,2022-01-29
2649-HWLYB,148,10,2022-12-05
2746-DIJLO,60,2,2022-03-21
5067-WJEUN,112,7,2022-04-05
7493-TPUWZ,10,4,2022-09-16
5271-YNWVR,34,7,2022-05-02
8405-IGQFX,131,2,2022-05-04
5117-ZSMHQ,125,5,2022-01-23
8627-EHGIP,103,4,2022-08-04
7820-ZYGNY,170,3,2022-10-16
5985-TBABQ,245,5,2022-04-02
5847-MXBEO,54,3,2022-01-24
0107-YHINA,272,5,2022-04-17
7047-FWEYA,77,5,2022-11-02
3797-VTIDR,56,4,2022-02-21
0137-UDEUO,269,6,2022-07-18
3776-EKTKM,231,4,2022-10-21
9308-ANMVE,197,4,2022-10-27
2696-ECXKC,243,5,2022-12-11
6723-WSNTY,14,5,2022-02-25
9938-EKRGF,232,5,2022-07-13
2642-DTVCO,297,4,2022-02-14
3653-NCRDJ,56,2,2022-12-09
4312-GVYNH,244,5,2022-08-27
3422-GALYP,103,4,2022-08-20
6603-QWSPR,85,7,2022-11-16
4661-NJEUX,17,9,2022-08-27
4124-MMETB,132,4,2022-05-16
2904-GGUAZ,15,8,2022-10-12
5569-KGJHX,85,5,2022-01-13
6465-GSRCL,265,7,2022-01-29
0691-IFBQW,10,2,2022-06-27
5149-CUZUJ,226,3,2022-10-20
5924-SNGKP,85,4,2022-09-14
2990-HWIML,7,10,2022-04-18
1982-FEBTD,64,7,2022-03-10
4759-TRPLW,225,7,2022-06-25
2202-OUTMO,53,4,2022-07-02
6701-DHKWQ,232,7,2022-08-30
1456-TWCGB,294,3,2022-07-13
1241-EZFMJ,297,5,2022-11-15
6994-FGRHH,197,4,2022-01-22
7161-DFHUF,261,2,2022-12-16
8467-WYNSR,107,5,2022-01-11
4785-NKHCX,150,11,2022-10-12
5522-NYKPB,294,6,2022-12-28
2636-SJDOU,261,10,2022-09-16
4860-YZGZM,282,6,2022-06-22
4201-JMNGR,193,9,2022-07-24
0060-FUALY,182,5,2022-09-05
3620-EHIMZ,20,3,2022-09-16
0040-HALCW,90,6,2022-11-26
4576-CSAJH,252,6,2022-09-27
6910-HADCM,221,3,2022-03-22
8242-JSVBO,46,4,2022-11-17
5795-BKOYE,198,7,2022-07-07
4455-BFSPD,167,1,2022-12-04
7931-PXHFC,280,3,2022-08-19
9968-FFVVH,134,2,2022-01-28
5791-KAJFD,267,4,2022-12-16
0947-MUGVO,181,4,2022-11-19
1599-MMYRQ,269,7,2022-01-03
9921-ZVRHG,31,8,2022-08-25
8165-CBKXO,89,3,2022-06-30
6734-FQAJX,200,5,2022-01-04
9971-ZWPBF,247,2,2022-12-14
5067-WJEUN,181,5,2022-03-13
9889-TMAHG,134,5,2022-07-01
6486-LHTMA,149,10,2022-04-14
2359-KMGLI,87,4,2022-09-29
1934-SJVJK,92,4,2022-10-14
8397-MVTAZ,24,5,2022-03-28
9572-MTILT,234,4,2022-03-14
8216-AZUUZ,130,4,2022-04-01
7343-EOBEU,55,4,2022-06-22
4818-QIUFN,92,2,2022-11-06
7571-YXDAD,174,4,2022-07-06
6358-LYNGM,67,5,2022-08-24
5196-WPYOW,93,6,2022-06-11
8439-LTUGF,193,6,2022-03-14
1166-PQLGG,194,6,2022-08-13
1393-IMKZG,93,5,2022-08-18
6242-MBHPK,30,6,2022-09-11
6532-YLWSI,180,3,2022-06-11
2056-EVGZL,268,7,2022-12-21
3620-EHIMZ,46,5,2022-09-07
0422-UXFAP,123,4,2022-07-18
0731-EBJQB,173,4,2022-08-28
0139-IVFJG,112,8,2022-08-25
4592-IWTJI,151,4,2022-03-17
7291-CDTMJ,180,4,2022-12-08
0379-DJQHR,193,3,2022-10-22
4662-EKDPQ,164,6,2022-02-14
9420-LOJKX,78,3,2022-12-09
6861-OKBCE,22,4,2022-06-28
8766-PAFNE,144,3,2022-08-10
3745-HRPHI,119,4,2022-01-17
4355-CVPVS,229,3,2022-08-07
8800-ZKRFW,50,3,2022-03-25
6082-GLJIX,42,4,2022-07-10
7750-EYXWZ,210,2,2022-05-12
3259-FDWOY,13,9,2022-10-14
5895-QSXOD,257,2,2022-04-04
7198-GLXTC,112,5,2022-04-05
5999-LCXAO,102,5,2022-07-03
2888-ADFAO,279,7,2022-05-12
6339-TBELP,75,5,2022-03-23
7328-ZJAJO,43,7,2022-12-06
6169-PPETC,94,5,2022-10-23
5077-DXTCG,223,3,2022-12-26
8469-SNFFH,111,2,2022-04-22
3407-JMJQQ,100,5,2022-10-30
8982-NHAVY,36,7,2022-11-02
5334-AFQJB,130,6,2022-02-20
7077-XJMET,151,4,2022-10-21
9906-NHHVC,284,7,2022-07-08
0810-DHDBD,28,4,2022-07-27
3768-NLUBH,213,6,2022-05-29
6143-JQKEA,124,4,2022-09-22
6447-GORXK,278,7,2022-10-08
5039-LZRQT,144,5,2022-04-23
1686-STUHN,86,4,2022-02-05
1089-XZWHH,212,4,2022-04-21
3992-YWPKO,37,7,2022-06-20
5119-NZPTV,28,4,2022-03-19
7101-HRBLJ,65,6,2022-12-03
2169-RRLFW,193,3,2022-01-28
8992-JQYUN,88,8,2022-02-14
1352-VHKAJ,229,3,2022-12-27
1930-WNXSB,172,4,2022-10-31
1843-TLSGD,190,3,2022-05-22
4860-IJUDE,76,6,2022-01-15
5158-RIVOP,78,6,2022-05-08
6259-WJQLC,157,4,2022-06-16
7105-BENQF,100,4,2022-06-02
6728-DKUCO,57,3,2022-03-04
1777-JYQPJ,178,5,2022-02-28
1635-FJFCC,114,4,2022-07-22
9940-HPQPG,55,4,2022-06-06
1492-KGETH,257,4,2022-01-03
3094-JOJAI,77,3,2022-02-08
9529-OFXHY,216,5,2022-10-05
6583-QGCSI,216,3,2022-04-11
0516-UXRMT,255,4,2022-06-18
6502-HCJTI,172,7,2022-01-20
1567-DSCIC,267,1,2022-05-21
2133-TSRRM,234,5,2022-12-13
4220-TINQT,243,5,2022-10-02
4163-NCJAK,279,6,2022-11-18
4846-WHAFZ,147,4,2022-07-12
8676-TRMJS,74,3,2022-06-01
9492-TOKRI,178,5,2022-08-24
2545-EBUPK,113,6,2022-10-21
5176-LDKUH,207,5,2022-07-27
4445-ZJNMU,189,3,2022-02-06
2969-VAPYH,295,8,2022-03-19
2193-SFWQW,96,7,2022-06-21
7675-OZCZG,263,6,2022-02-14
5055-MGMGF,210,1,2022-12-03
9139-WQQDY,56,2,2022-03-25
5606-AMZBO,185,1,2022-04-03
3174-AKMAS,7,4,2022-06-03
1763-KUAAW,88,1,2022-04-16
2509-TFPJU,218,3,2022-12-24
0337-CNPZE,38,6,2022-07-28
8364-TRMMK,54,2,2022-07-23
3259-KNMRR,293,7,2022-09-05
0897-FEGMU,263,8,2022-12-14
1930-WNXSB,262,3,2022-12-18
8883-GRDWQ,276,7,2022-08-14
9708-KFDBY,186,4,2022-12-02
4659-NZRUF,37,5,2022-02-17
8450-UYIBU,269,10,2022-09-03
6366-XIVKZ,44,6,2022-01-31
9068-FHQHD,214,6,2022-07-02
4902-OHLSK,276,2,2022-09-14
9013-AQORL,140,4,2022-05-06
5678-VFNEQ,91,9,2022-08-07
0508-OOLTO,64,6,2022-09-02
1950-KSVVJ,168,2,2022-05-19
8805-JNRAZ,7,5,2022-08-15
9931-DCEZH,19,6,2022-10-29
4948-WBBKL,106,4,2022-09-14
7079-QRCBC,259,8,2022-09-12
9894-EZEWG,229,5,2022-03-11
8582-KRHPJ,214,2,2022-03-07
4983-CLMLV,27,3,2022-01-02
6077-BDPXA,239,7,2022-11-21
3120-FAZKD,135,4,2022-09-26
1769-GRUIK,162,5,2022-12-05
2619-WFQWU,177,6,2022-10-30
2165-VOEGB,21,11,2022-05-09
7677-SJJJK,189,7,2022-05-26
7570-WELNY,188,7,2022-04-23
9448-REEVD,147,8,2022-10-15
5301-GAUUY,48,5,2022-04-06
6341-AEVKX,16,11,2022-09-24
3295-YVUSR,12,7,2022-01-08
2314-TNDJQ,84,3,2022-08-08
3629-ZNKXA,166,6,2022-08-01
5195-KPUNQ,220,3,2022-04-12
7278-CKDNC,252,4,2022-06-15
3557-HTYWR,33,5,2022-09-19
3396-DKDEL,276,11,2022-01-02
0471-ARVMX,137,5,2022-07-21
8775-ERLNB,9,3,2022-11-25
8985-OOPOS,248,5,2022-07-02
8944-AILEF,34,7,2022-09-16
1346-PJWTK,121,9,2022-11-18
9415-ZNBSX,182,11,2022-08-16
9239-GZHZE,265,5,2022-07-19
7527-QNRUS,239,7,2022-01-26
2831-EBWRN,145,3,2022-12-16
0236-HFWSV,54,5,2022-04-12
2535-PBCGC,274,3,2022-05-16
5968-HYJRZ,112,7,2022-11-27
4933-IKULF,50,7,2022-12-11
7596-IIWYC,86,6,2022-07-16
2468-SJFLM,130,7,2022-01-30
2169-RRLFW,88,4,2022-10-26
3088-FVYWK,294,3,2022-05-13
6994-ORCWG,75,6,2022-09-13
0486-HECZI,179,1,2022-01-20
5171-EPLKN,95,2,2022-11-04
8591-NXRCV,253,5,2022-01-21
4822-RVYBB,136,6,2022-02-10
1077-HUUJM,173,4,2022-12-30
0928-JMXNP,64,4,2022-06-01
9950-MTGYX,245,9,2022-11-04
9283-LZQOH,194,9,2022-01-02
3757-NJYBX,285,2,2022-02-13
6728-CZFEI,236,6,2022-02-10
2097-YVPKN,293,8,2022-11-22
8125-QPFJD,279,7,2022-09-20
9348-ROUAI,19,6,2022-10-21
7649-PHJVR,45,5,2022-06-22
4631-OACRM,212,4,2022-01-09
7075-BNDVQ,64,7,2022-02-22
5729-KLZAR,244,8,2022-10-11
8286-AFUYI,100,3,2022-05-08
1830-IPXVJ,282,2,2022-01-19
0256-LTHVJ,164,3,2022-05-12
2446-PLQVO,286,6,2022-01-13
4381-MHQDC,213,8,2022-08-08
2621-UDNLU,137,8,2022-09-24
3413-DHLPB,101,5,2022-09-02
9251-WNSOD,223,4,2022-09-15
3452-SRFEG,75,4,2022-05-20
7055-HNEOJ,278,3,2022-09-04
0836-SEYLU,138,6,2022-08-20
8540-ZQGEA,70,10,2022-02-25
1089-HDMKP,131,10,2022-03-29
8242-PDSGJ,209,4,2022-09-11
8908-SLFCJ,121,4,2022-02-21
1567-DSCIC,271,5,2022-09-04
0224-HJAPT,286,3,2022-09-09
3472-OAOOR,153,5,2022-05-05
7530-HDYDS,198,6,2022-07-20
5977-CKHON,172,4,2022-12-27
9470-XCCEM,183,4,2022-05-12
0835-JKADZ,152,5,2022-06-26
4013-GUXND,61,4,2022-02-21
4990-ALDGW,9,4,2022-02-03
9670-BPNXF,18,5,2022-01-22
8849-GYOKR,284,4,2022-05-21
8628-MFKAX,220,2,2022-11-15
8067-NIOYM,179,4,2022-09-28
7943-RQCHR,7,2,2022-06-17
8819-ZBYNA,141,5,2022-02-07
3778-FOAQW,104,10,2022-12-27
8178-EYZUO,87,1,2022-09-03
2878-RMWXY,284,4,2022-08-23
6421-SZVEM,136,2,2022-02-24
2091-GPPIQ,5,4,2022-04-30
9681-KYGYB,120,2,2022-03-07
5533-NHFRF,206,3,2022-11-18
6231-WFGFH,144,8,2022-11-24
6029-WTIPC,150,5,2022-06-15
5989-OMNJE,270,2,2022-07-29
8547-NSBBO,206,4,2022-03-16
7016-NVRIC,156,3,2022-05-14
3689-MOZGR,226,7,2022-09-22
0613-WUXUM,83,10,2022-06-23
3523-BRGUW,204,7,2022-08-31
1098-KFQEC,254,6,2022-03-30
0023-XUOPT,103,1,2022-09-07
4703-MQYKT,217,4,2022-01-31
6953-PBDIN,147,4,2022-10-04
2888-ADFAO,194,8,2022-02-07
5198-HQAEN,56,8,2022-11-04
3709-OIJEA,116,4,2022-05-18
2990-OGYTD,139,3,2022-03-17
9357-UJRUN,116,6,2022-12-05
9558-IHEZX,17,2,2022-09-10
1666-JXLKU,277,2,2022-03-20
2739-CCZMB,237,4,2022-02-07
0505-SPOOW,48,4,2022-11-14
8495-LJDFO,77,9,2022-11-24
9046-JBFWA,265,5,2022-06-12
6476-YHMGA,235,7,2022-12-24
4323-SADQS,37,5,2022-05-08
0320-DWVTU,72,2,2022-06-07
3956-MGXOG,20,7,2022-11-25
7596-IIWYC,154,3,2022-11-15
9643-YBLUR,296,9,2022-03-24
9067-YGSCA,106,6,2022-08-05
7814-LEEVE,190,4,2022-07-21
6048-QBXKL,29,5,2022-10-05
5947-SGKCL,76,3,2022-06-01
7328-ZJAJO,85,3,2022-01-26
2018-QKYGT,65,6,2022-12-09
4092-OFQZS,22,2,2022-09-11
4226-KKDON,246,7,2022-09-08
9796-BPKIW,62,9,2022-06-16
6857-TKDJV,61,4,2022-12-19
2516-XSJKX,101,5,2022-05-20
4549-ZDQYY,219,1,2022-08-17
3896-ZVNET,16,8,2022-03-14
4312-KFRXN,15,2,2022-10-26
5419-CONWX,167,5,2022-08-24
1428-GTBJJ,287,5,2022-07-14
7353-YOWFP,221,5,2022-03-29
3717-OEAUQ,245,12,2022-04-07
1432-FPAXX,49,2,2022-06-15
3957-LXOLK,85,2,2022-10-23
3352-RICWQ,259,6,2022-07-22
5494-HECPR,71,7,2022-07-06
5222-JCXZT,106,4,2022-10-02
6047-YHPVI,95,4,2022-01-20
1839-UMACK,46,6,2022-03-14
7089-XXAYG,280,5,2022-12-04
1125-SNVCK,278,6,2022-12-27
0093-XWZFY,81,4,2022-11-06
6848-HJTXY,238,6,2022-03-23
9788-HNGUT,206,7,2022-10-23
4797-MIWUM,225,4,2022-12-22
1820-TQVEV,266,3,2022-01-27
9500-IWPXQ,43,5,2022-05-21
4826-TZEVA,15,4,2022-02-16
2984-AFWNC,116,4,2022-04-22
5019-GQVCR,112,7,2022-08-23
8404-GFGCZ,98,9,2022-05-31
8205-OTCHB,88,0,2022-11-11
7912-SYRQT,62,2,2022-11-29
8111-BKVDS,297,4,2022-05-06
8295-FHIVV,20,4,2022-01-07
5153-RTHKF,97,3,2022-02-19
3190-FZATL,169,2,2022-12-26
9480-BQJEI,219,8,2022-03-07
3855-ONCAR,148,8,2022-12-28
7973-DZRKH,278,3,2022-06-16
1299-AURJA,142,5,2022-09-09
0839-QNXME,208,6,2022-09-20
3214-IYUUQ,214,4,2022-07-15
7319-VENRZ,23,4,2022-07-02
6214-EDAKZ,298,4,2022-09-21
8519-IMDHU,297,6,2022-10-15
4430-YHXGG,166,6,2022-10-02
8587-XYZSF,134,5,2022-04-28
5168-MSWXT,48,2,2022-11-09
6728-CZFEI,87,1,2022-12-13
7321-KKSDU,128,5,2022-10-04
9297-FVVDH,31,2,2022-05-12
0396-UKGAI,11,7,2022-05-27
7408-OFWXJ,203,7,2022-01-29
1460-UZPRJ,116,3,2022-11-23
8972-HJWNV,93,10,2022-11-16
8898-KASCD,132,8,2022-08-13
1051-GEJLJ,234,6,2022-05-19
1337-BOZWO,22,2,2022-10-16
5071-FBJFS,293,5,2022-10-08
8563-OYMQY,165,9,2022-01-26
6075-SLNIL,285,5,2022-10-19
5311-IHLEI,170,6,2022-09-24
4486-EFAEB,264,11,2022-10-13
2202-CUYXZ,194,3,2022-11-09
7966-YOTQW,270,7,2022-04-07
8647-SDTWQ,295,6,2022-05-18
2475-MROZF,283,11,2022-10-08
6502-MJQAE,221,5,2022-04-06
3744-ZRRDZ,211,8,2022-02-26
8246-SHFGA,157,4,2022-05-03
9919-YLNNG,185,6,2022-08-19
9822-WMWVG,216,3,2022-10-17
4432-ADRLB,277,6,2022-03-27
8035-BUYVG,207,8,2022-11-06
2927-QRRQV,209,2,2022-02-20
3007-FDPEA,157,4,2022-08-16
9091-WTUUY,174,3,2022-01-06
0336-KXKFK,245,4,2022-11-06
2979-SXESE,291,8,2022-09-30
6959-GQEGV,249,8,2022-12-10
7488-MXJIV,84,1,2022-01-02
3173-NVMPX,96,4,2022-10-03
7351-KYHQH,153,7,2022-04-01
5087-SUURX,34,6,2022-09-19
9522-ZSINC,127,9,2022-08-30
3714-JTVOV,33,7,2022-09-03
7892-POOKP,263,10,2022-03-20
5181-OABFK,190,6,2022-11-07
5649-TJHOV,79,12,2022-10-31
2075-RMJIK,49,8,2022-02-27
4312-KFRXN,73,3,2022-08-13
4566-GOLUK,214,3,2022-07-21
2848-YXSMW,243,8,2022-01-06
2055-BFOCC,196,2,2022-01-30
0123-CRBRT,107,4,2022-05-31
2799-TSLAG,245,4,2022-02-05
3082-VQXNH,257,5,2022-04-20
6198-PNNSZ,224,6,2022-05-01
1746-TGTWV,221,4,2022-08-29
6108-OQZDQ,206,7,2022-09-16
5382-SOYZL,33,7,2022-03-31
1265-XTECC,216,6,2022-01-30
2625-TRCZQ,158,3,2022-08-25
0270-THENM,235,6,2022-06-19
5312-TSZVC,106,4,2022-05-29
8182-BJDSI,181,5,2022-03-29
2832-KJCRD,185,4,2022-01-04
6946-LMSQS,236,5,2022-09-09
4827-LTQRJ,16,6,2022-02-20
2074-GKOWZ,190,3,2022-01-24
5619-PTMIK,253,5,2022-02-15
2164-SOQXL,270,3,2022-04-26
3682-YEUWS,139,2,2022-01-27
1376-HHBDV,249,5,2022-04-05
0068-FIGTF,35,8,2022-04-09
8903-WMRNW,263,4,2022-04-26
4927-WWOOZ,108,4,2022-10-03
8106-GWQOK,5,6,2022-12-02
9600-UDOPK,211,0,2022-04-05
5542-TBBWB,139,4,2022-07-18
4503-BDXBD,275,3,2022-05-26
9776-CLUJA,93,4,2022-06-04
1585-MQSSU,199,4,2022-09-27
1258-YMZNM,126,7,2022-11-17
1635-FJFCC,120,6,2022-10-03
1422-DGUBX,200,6,2022-11-22
6993-YCOBK,40,4,2022-09-13
5322-ZSMZY,71,5,2022-02-14
8029-XYPWT,137,4,2022-01-01
7341-LXCAF,285,10,2022-05-27
6283-GITPX,15,5,2022-10-22
4989-LIXVT,222,6,2022-06-04
1744-JHKYS,160,11,2022-02-25
5846-NEQVZ,244,2,2022-08-14
3594-IVHJZ,64,2,2022-01-07
7142-HVGBG,142,3,2022-01-20
1415-YFWLT,54,6,2022-06-08
6345-ULYRW,171,6,2022-12-06
7998-ZLXWN,169,4,2022-03-20
0929-PECLO,193,3,2022-01-01
2324-EFHVG,96,8,2022-12-02
2272-JKMSI,298,3,2022-08-17
3570-YUEKJ,293,6,2022-08-01
0639-TSIQW,79,5,2022-10-10
0872-JCPIB,49,3,2022-09-05
9904-EHEVJ,57,5,2022-04-29
2393-DIVAI,179,5,2022-08-15
5027-QPKTE,165,3,2022-01-24
6022-KOUQO,71,3,2022-07-09
8871-JLMHM,274,5,2022-11-04
9548-ZMVTX,128,6,2022-11-03
8485-GJCDN,186,5,2022-02-26
7636-OWBPG,186,4,2022-11-07
9391-YZEJW,40,3,2022-11-05
3694-GLTJM,216,6,2022-03-30
1488-SYSFC,138,4,2022-10-02
9850-OWRHQ,182,8,2022-04-19
1074-AMIOH,170,5,2022-05-21
1260-TTRXI,50,8,2022-10-12
1403-GYAFU,160,3,2022-09-01
0384-RVBPI,240,6,2022-03-15
9828-AOQLM,64,5,2022-12-21
3795-GWTRD,9,4,2022-09-19
5307-UVGNB,185,6,2022-06-25
5193-QLVZB,149,4,2022-08-18
1834-WULEG,269,4,2022-03-17
1666-JZPZT,227,4,2022-11-19
6563-VRERX,241,3,2022-07-02
8327-WKMIE,17,6,2022-10-01
3755-JBMNH,272,6,2022-10-04
3462-BJQQA,270,4,2022-08-15
2302-OUZXB,20,7,2022-06-14
6464-KEXXH,96,5,2022-10-02
5917-RYRMG,252,7,2022-08-05
3657-COGMW,23,1,2022-11-08
8224-DWCKX,107,6,2022-07-09
4957-TIALW,99,6,2022-01-18
1955-IBMMB,287,6,2022-08-20
9885-CSMWE,217,4,2022-07-03
2300-RQGOI,41,7,2022-04-16
0454-OKRCT,65,7,2022-08-31
2972-YDYUW,295,4,2022-02-22
9967-ATRFS,248,6,2022-08-14
1740-CSDJP,10,3,2022-07-21
4323-ELYYB,169,3,2022-03-27
6331-LWDTQ,17,9,2022-02-19
9586-JGQKH,29,6,2022-09-17
2018-QKYGT,228,4,2022-11-15
0374-IOEGQ,127,1,2022-07-14
3003-CMDUU,133,10,2022-09-05
6828-HMKWP,126,1,2022-02-25
4192-GORJT,39,4,2022-06-26
6743-HHQPF,87,5,2022-05-30
4550-VBOFE,186,6,2022-01-13
9097-ZUBYC,80,2,2022-12-27
9693-XMUOB,108,2,2022-10-16
1268-ASBGA,236,2,2022-03-05
1837-YQUCE,47,9,2022-12-05
3521-HTQTV,97,6,2022-04-15
6479-OAUSD,148,5,2022-08-27
2049-BAFNW,258,5,2022-02-03
5533-NHFRF,82,4,2022-11-20
4193-ORFCL,267,7,2022-02-08
6568-POCUI,74,7,2022-08-13
4690-LLKUA,153,5,2022-05-09
5510-BOIUJ,296,6,2022-05-13
7521-AFHAB,218,10,2022-02-09
0980-PVMRC,151,2,2022-11-15
9589-ABEPT,29,3,2022-08-09
0265-PSUAE,113,7,2022-04-04
4138-NAXED,185,10,2022-04-09
8949-JTMAY,255,6,2022-03-01
0320-JDNQG,207,1,2022-05-09
8097-VBQTZ,174,5,2022-05-12
6769-DCQLI,179,7,2022-10-28
5828-AVIPD,174,1,2022-03-10
0397-GZBBC,6,8,2022-01-14
7593-JNWRU,138,7,2022-05-31
8071-SBTRN,131,6,2022-06-23
4572-DVCGN,50,4,2022-12-11
3976-BWUCK,198,5,2022-10-19
3190-ITQXP,213,3,2022-07-15
4116-IQRFR,62,3,2022-02-01
0980-FEXWF,82,2,2022-03-14
2545-EBUPK,206,3,2022-07-13
8749-CLJXC,293,6,2022-02-19
0969-RGKCU,66,5,2022-02-26
6559-RAKOZ,272,3,2022-04-27
7356-AYNJP,130,3,2022-07-11
3396-DKDEL,53,6,2022-08-05
4648-YPBTM,92,3,2022-04-21
9398-MMQTO,265,4,2022-03-30
3258-SYSWS,183,4,2022-12-26
1319-YLZJG,73,5,2022-11-06
4633-MKHYU,64,7,2022-11-05
3629-ZNKXA,253,11,2022-06-06
8879-ZKJOF,173,10,2022-03-10
7061-OVMIM,273,1,2022-09-27
3118-UHVVQ,116,5,2022-08-13
2632-UCGVD,104,2,2022-01-05
5884-FBCTL,219,2,2022-08-31
4503-BDXBD,117,1,2022-04-28
1343-EHPYB,101,5,2022-06-21
9200-NLNPD,122,3,2022-05-23
8873-TMKGR,40,3,2022-11-19
9447-YPTBX,294,5,2022-09-14
1964-SVLEA,128,4,2022-12-31
4625-EWPTF,44,5,2022-11-14
9490-DFPMD,145,6,2022-03-19
6416-TVAIH,30,4,2022-02-26
5213-TWWJU,146,3,2022-01-20
6582-PLFUU,61,7,2022-01-14
2955-PSXOE,154,2,2022-07-25
5858-EAFCZ,209,7,2022-08-25
4825-FUREZ,80,6,2022-06-30
1928-BXYIV,289,6,2022-10-18
4913-EHYUI,214,2,2022-07-08
5204-HMGYF,262,1,2022-05-27
0487-VVUVK,263,4,2022-12-06
3165-HDOEW,188,8,2022-02-11
4685-ERGHK,15,5,2022-12-20
9220-CXRSC,164,8,2022-01-01
2676-ISHSF,264,6,2022-11-20
8938-UMKPI,92,2,2022-04-14
9625-RZFUK,188,2,2022-09-12
4237-RLAQD,20,6,2022-07-28
5228-EXCET,248,2,2022-08-06
1121-QSIVB,90,6,2022-03-19
8474-UMLNT,203,3,2022-02-20
7242-QZLXF,14,2,2022-10-15
5240-IJOQT,168,7,2022-04-10
6169-PGNCD,28,3,2022-07-31
5061-PBXFW,68,6,2022-08-25
1839-FBNFR,242,5,2022-10-22
5533-RJFTJ,242,7,2022-06-06
8679-LZBMD,26,4,2022-10-25
9101-NTIXF,184,9,2022-01-14
1453-RZFON,51,4,2022-04-26
3863-IUBJR,283,7,2022-05-19
4322-RCYMT,228,3,2022-03-16
8224-KDLKN,222,4,2022-10-30
5919-TMRGD,241,0,2022-12-26
8974-OVACP,208,7,2022-01-24
9172-ANCRX,23,2,2022-06-26
6655-LHBYW,184,7,2022-02-24
3705-PSNGL,166,9,2022-08-01
1918-ZBFQJ,289,6,2022-11-22
6754-LZUKA,65,6,2022-11-30
8217-QYOHV,89,5,2022-11-25
0404-SWRVG,39,3,2022-06-12
5365-LLFYV,9,7,2022-10-27
0818-OCPZO,80,5,2022-06-13
1699-TLDLZ,257,4,2022-03-30
6993-YCOBK,11,6,2022-01-15
1222-LRYKO,173,2,2022-10-28
8085-MSNLK,134,6,2022-05-02
2272-JKMSI,142,4,2022-11-14
3981-QSVQI,95,3,2022-12-14
3896-ZVNET,167,4,2022-06-27
3372-KWFBM,257,5,2022-09-26
1113-IUJYX,205,4,2022-04-15
2049-BAFNW,24,8,2022-06-08
4537-CIBHB,233,6,2022-01-05
9261-WDCAF,167,6,2022-12-05
5298-GSTLM,169,4,2022-05-21
5327-XOKKY,236,2,2022-06-18
3552-CTCYF,242,6,2022-01-17
7078-NVFAM,124,3,2022-02-01
5981-ITEMU,111,2,2022-01-05
9450-TRJUU,254,7,2022-05-17
0208-BPQEJ,288,6,2022-04-17
8676-OOQEJ,202,5,2022-06-11
4903-UYAVB,224,5,2022-09-14
6171-ZTVYB,155,3,2022-06-17
2043-WVTQJ,290,10,2022-10-15
7312-XSBAT,269,6,2022-12-21
7537-CBQUZ,224,5,2022-09-02
5995-LFTLE,220,2,2022-04-23
9509-MPYOD,160,3,2022-06-27
1628-BIZYP,220,7,2022-07-09
6302-JGYRJ,118,7,2022-01-11
2208-NQBCT,165,1,2022-01-23
3887-PBQAO,102,4,2022-04-29
4250-WAROZ,161,4,2022-10-09
2024-BASKD,166,7,2022-11-15
2342-CKIAO,46,4,2022-03-10
4686-GEFRM,184,4,2022-12-12
2302-OUZXB,55,5,2022-05-14
4343-EJVQB,256,3,2022-09-10
2480-SQIOB,124,8,2022-02-20
6733-LRIZX,79,5,2022-02-12
0836-SEYLU,166,7,2022-05-21
3129-AAQOU,153,7,2022-01-25
2499-AJYUA,127,2,2022-09-27
0017-DINOC,145,2,2022-12-27
9227-UAQFT,186,8,2022-04-14
7854-EDSSA,281,3,2022-10-22
0420-BWTPW,261,5,2022-06-02
6339-YPSAH,249,5,2022-10-31
2382-BCKQJ,90,2,2022-11-01
5206-HPJKM,75,4,2022-06-10
5893-PYOLZ,273,8,2022-10-10
2709-UQGNP,184,14,2022-02-14
2428-HYUNX,283,5,2022-10-14
6397-JNZZG,153,7,2022-11-15
9274-UARKJ,10,4,2022-06-15
7148-XZPHA,152,3,2022-07-26
5734-EJKXG,172,8,2022-04-18
8325-QRPZR,13,6,2022-03-06
9633-XQABV,182,4,2022-09-24
7073-QETQY,288,5,2022-12-19
8100-HZZLJ,120,4,2022-07-04
2187-PKZAY,100,2,2022-08-12
2826-UWHIS,60,7,2022-06-02
9094-AZPHK,211,9,2022-10-16
9373-WSLOY,109,7,2022-10-12
5699-BNCAS,39,6,2022-07-05
3556-BVQGL,213,5,2022-08-14
5777-KJIRB,285,0,2022-07-19
4597-NUCQV,151,3,2022-01-11
5480-HPRRX,291,4,2022-11-21
2754-VDLTR,85,6,2022-10-04
9962-BFPDU,54,5,2022-01-03
2277-BKJKN,91,6,2022-12-16
3078-ZKNTS,195,9,2022-10-05
2856-HYAPG,5,4,2022-03-03
8262-COGGB,142,2,2022-01-05
0871-URUWO,140,7,2022-01-09
7426-RHZGU,158,8,2022-02-27
2832-KJCRD,166,7,2022-10-07
9029-FEGVJ,23,5,2022-08-26
7089-RKVSZ,247,4,2022-11-13
6728-VOIFY,133,4,2022-05-07
6698-OXETB,180,4,2022-10-31
8242-JSVBO,284,3,2022-08-25
1302-TPUBN,88,2,2022-08-07
8201-AAXCB,226,8,2022-06-27
2077-DDHJK,149,2,2022-11-14
7526-IVLYU,110,3,2022-05-29
1320-GVNHT,15,10,2022-02-07
8084-OIVBS,170,3,2022-04-28
8097-VBQTZ,200,3,2022-11-11
8311-UEUAB,235,7,2022-04-07
3799-ISUZQ,151,3,2022-01-17
8566-YPRGL,242,7,2022-11-21
2228-BZDEE,17,6,2022-10-06
6968-MHOMU,223,4,2022-12-25
5312-UXESG,261,5,2022-06-03
3131-NWVFJ,6,4,2022-04-04
9121-PHQSR,214,4,2022-06-24
5240-IJOQT,229,5,2022-10-29
2971-SGAFL,198,5,2022-01-29
0959-WHOKV,200,4,2022-02-03
5338-YHWYT,264,8,2022-01-10
5348-CAGXB,61,5,2022-10-03
9474-PHLYD,117,9,2022-10-17
7727-SHVZV,217,3,2022-04-11
6897-RWMUB,283,2,2022-05-21
8591-TKMZH,248,6,2022-03-28
6394-MFYNG,121,5,2022-10-28
0942-KOWSM,91,8,2022-05-08
2351-BKRZW,267,4,2022-07-25
4680-KUTAJ,117,8,2022-03-30
5536-SLHPM,168,7,2022-03-23
6692-UDPJC,8,3,2022-07-31
8670-MEFCP,122,6,2022-04-29
3144-AUDBS,27,8,2022-12-14
7056-IMHCC,237,7,2022-05-16
2087-QAREY,94,1,2022-09-18
9938-TKDGL,259,5,2022-10-03
9374-YOLBJ,96,5,2022-07-27
3530-CRZSB,159,2,2022-11-10
9907-SWKKF,119,8,2022-08-31
7850-THJMU,211,5,2022-12-11
7273-TEFQD,85,2,2022-04-10
7989-VCQOH,107,3,2022-04-25
5593-SUAOO,84,6,2022-11-26
4573-JKNAE,107,8,2022-01-16
8058-JMEQO,244,5,2022-01-04
4074-SJFFA,269,7,2022-09-23
9079-YEXQJ,37,2,2022-02-17
4622-YNKIJ,39,5,2022-08-11
9068-VPWQQ,253,4,2022-07-23
4359-INNWN,54,5,2022-01-20
3181-VTHOE,284,5,2022-10-15
0201-OAMXR,246,3,2022-07-13
2153-MREFK,156,6,2022-11-12
9318-NKNFC,151,12,2022-01-11
7799-LGRDP,43,6,2022-01-20
9308-ANMVE,193,4,2022-10-06
3070-BDOQC,29,4,2022-11-29
7998-WNZEM,248,2,2022-02-04
8098-TDCBU,227,3,2022-09-23
2252-NKNSI,234,7,2022-08-20
8952-WCVCD,157,8,2022-02-07
7243-LCGGZ,292,4,2022-03-24
1937-OTUKY,112,5,2022-02-01
8456-QDAVC,37,0,2022-02-23
2270-CHBFN,115,4,2022-08-13
9411-TPQQV,125,5,2022-11-09
9730-DRTMJ,20,6,2022-04-17
3859-CVCET,231,5,2022-01-25
3022-BEXHZ,15,5,2022-02-14
5751-USDBL,207,5,2022-04-28
6323-AYBRX,206,7,2022-10-21
4795-UXVCJ,102,6,2022-05-05
0447-BEMNG,120,4,2022-02-05
7075-BNDVQ,285,3,2022-12-10
0621-TSSMU,236,11,2022-06-16
4741-WWJQZ,115,7,2022-09-26
5499-ECUTN,16,2,2022-07-13
7123-WQUHX,25,7,2022-05-04
4280-DLSHD,131,5,2022-09-28
0329-GTIAJ,289,6,2022-02-27
9184-GALIL,125,4,2022-02-28
0289-IVARM,128,3,2022-11-04
3969-GYXEL,37,3,2022-08-05
7384-GHBPI,174,10,2022-03-10
5445-GLVOT,81,7,2022-09-01
0193-ESZXP,67,4,2022-04-13
8816-VXNZD,274,7,2022-01-05
3523-BRGUW,220,7,2022-10-26
2144-ESWKO,194,4,2022-09-21
9917-KWRBE,79,5,2022-08-29
1862-SKORY,178,7,2022-11-30
9637-EIHEQ,71,8,2022-12-15
7120-RFMVS,97,4,2022-08-10
3320-VEOYC,57,1,2022-11-15
9746-MDMBK,98,5,2022-08-17
4910-GMJOT,117,5,2022-02-01
3729-OWRVL,233,10,2022-12-19
8884-MRNSU,254,5,2022-01-24
4836-WNFNO,213,4,2022-11-02
1707-HABPF,186,8,2022-07-06
8421-WZOOW,271,3,2022-05-08
7005-CYUIL,285,3,2022-04-22
1064-FBXNK,159,7,2022-10-21
6075-SLNIL,87,11,2022-05-29
8853-TZDGH,190,4,2022-05-31
1000-AJSLD,143,3,2022-06-23
2272-WUSPA,59,8,2022-07-16
9419-IPPBE,23,2,2022-09-12
1661-CZBAU,271,8,2022-06-17
0655-RBDUG,146,7,2022-03-23
6624-JDRDS,168,4,2022-03-11
2967-MXRAV,256,4,2022-11-21
7164-BPTUT,236,3,2022-01-13
6736-DHUQI,64,8,2022-04-29
1548-ARAGG,26,3,2022-07-31
1196-AMORA,130,5,2022-04-12
3466-WAESX,107,5,2022-10-04
8859-DZTGQ,225,3,2022-07-15
9134-CEQMF,114,7,2022-03-18
9282-IZGQK,62,4,2022-12-04
9762-YAQAA,69,5,2022-11-29
0361-HJRDX,62,4,2022-07-24
0562-KBDVM,162,4,2022-08-17
1626-ERCMM,80,5,2022-07-08
3638-WEABW,23,3,2022-04-09
3733-UOCWF,194,3,2022-08-06
3178-CIFOT,254,4,2022-07-13
3635-JBPSG,83,6,2022-02-12
1608-GMEWB,88,5,2022-05-04
8573-CGOCC,176,4,2022-01-20
9239-ZBZZV,216,1,2022-11-07
8741-LQOBK,153,5,2022-11-26
3452-GWUIN,14,2,2022-11-24
9236-NDUCW,34,5,2022-06-17
3583-KRKMD,284,5,2022-02-15
9565-DJPIB,59,3,2022-08-11
4800-VHZKI,131,5,2022-03-20
9831-BPFRI,184,5,2022-06-19
4342-HFXWS,236,8,2022-09-03
8780-IXSTS,97,4,2022-09-28
2040-LDIWQ,12,6,2022-04-09
8946-BFWSG,251,5,2022-11-18
2956-GGUCQ,200,8,2022-05-21
5980-NOPLP,167,5,2022-04-19
5071-FBJFS,44,2,2022-11-09
1698-XFZCI,258,3,2022-05-17
1627-AFWVJ,89,8,2022-05-01
6032-KRXXO,276,9,2022-04-09
9640-ZSLDC,82,1,2022-03-07
5673-TIYIB,217,2,2022-05-24
5982-XMDEX,259,3,2022-04-20
9419-IPPBE,95,6,2022-05-10
7363-QTBIW,197,7,2022-11-24
8749-CLJXC,257,6,2022-09-14
3422-LYEPQ,282,8,2022-07-29
7056-IMHCC,147,5,2022-09-03
4701-MLJPN,248,8,2022-12-27
6464-KEXXH,216,4,2022-06-03
5599-HVLTW,199,4,2022-05-13
0141-YEAYS,274,8,2022-01-21
8665-UTDHZ,23,6,2022-02-04
0617-FHSGK,44,11,2022-12-26
6502-HCJTI,102,2,2022-11-06
3655-SNQYZ,8,5,2022-08-12
2172-EJXVF,37,3,2022-05-04
2379-GYFLQ,169,8,2022-08-28
7766-CLTIC,31,4,2022-12-30
9415-ZNBSX,177,7,2022-10-27
5159-YFPKQ,117,9,2022-12-07
8290-YWKHZ,99,6,2022-01-04
2074-GUHPQ,237,4,2022-05-03
4505-EXZHB,138,2,2022-02-11
0581-MDMPW,128,7,2022-06-18
6195-MELTI,120,9,2022-10-07
6229-LSCKB,17,4,2022-08-13
1813-JLKWR,169,7,2022-07-04
7852-LECYP,212,7,2022-11-19
4522-AKYLR,89,4,2022-01-11
9281-PKKZE,252,3,2022-06-22
0196-JTUQI,60,3,2022-04-06
7567-ECMCM,176,6,2022-10-05
8414-MYSHR,145,3,2022-05-19
1264-FUHCX,136,4,2022-06-15
5850-BDWCY,205,5,2022-07-06
9253-QXKBE,293,5,2022-03-27
1231-YNDEK,183,9,2022-08-19
5320-BRKGK,33,2,2022-05-18
2418-TPEUN,40,3,2022-01-19
6917-FIJHC,113,5,2022-12-04
9251-WNSOD,150,7,2022-06-05
7359-PTSXY,280,2,2022-04-05
4742-TXUEX,150,2,2022-01-17
8984-HPEMB,172,7,2022-10-07
1977-STDKI,261,0,2022-09-18
9239-GZHZE,279,6,2022-06-09
9239-GZHZE,91,4,2022-11-05
3195-TQDZX,158,4,2022-03-22
6369-MCAKO,289,9,2022-07-04
0058-EVZWM,102,6,2022-08-01
8644-XYTSV,215,7,2022-12-08
8812-ZRHFP,52,9,2022-12-25
5043-TRZWM,278,7,2022-06-16
2830-LEWOA,198,6,2022-07-25
5201-USSQZ,256,5,2022-12-02
3351-NGXYI,287,5,2022-09-18
8908-NMQTX,266,2,2022-10-01
0374-AACSZ,266,3,2022-08-24
4631-OACRM,35,4,2022-08-31
4039-HEUNW,109,6,2022-08-08
8849-PRIQJ,173,4,2022-12-31
8696-JKZNU,240,6,2022-12-13
3643-AHCFP,278,6,2022-03-11
3143-JQEGI,234,6,2022-08-01
5018-HEKFO,27,1,2022-12-03
5090-EMGTC,168,4,2022-10-14
2800-VEQXM,285,3,2022-08-14
9079-YEXQJ,11,5,2022-09-26
4452-ROHMO,214,11,2022-10-06
2150-WLKUW,257,8,2022-09-06
7145-FEJWU,137,4,2022-11-17
1982-FEBTD,278,6,2022-07-15
0147-ESWWR,110,4,2022-01-30
5804-LEPIM,236,7,2022-10-30
0080-OROZO,37,2,2022-05-11
3466-BYAVD,83,2,2022-01-12
5562-YJQGT,39,4,2022-01-16
1682-VCOIO,114,10,2022-04-27
0233-FTHAV,67,9,2022-05-29
2239-CGBUZ,182,5,2022-04-19
3525-DVKFN,236,2,2022-08-24
0924-BJCRC,108,3,2022-11-10
3261-CQXOL,298,6,2022-01-05
7779-LGOVN,39,6,2022-06-29
0361-HJRDX,198,8,2022-12-03
7072-MBHEV,178,3,2022-01-01
7916-VCCPB,106,9,2022-01-08
6773-LQTVT,297,3,2022-05-24
8562-GHPPI,89,5,2022-05-23
1309-XGFSN,205,4,2022-10-02
5222-IMUKT,177,6,2022-06-02
1261-FWTTE,33,5,2022-10-14
0318-ZOPWS,60,7,2022-05-10
2904-GGUAZ,20,4,2022-05-01
3255-GRXMG,144,5,2022-02-28
7472-EQOAV,70,6,2022-08-05
7297-DVYGA,151,5,2022-01-31
0383-CLDDA,162,8,2022-09-01
4859-ZSRDZ,73,3,2022-05-20
6166-ILMNY,27,3,2022-08-01
4854-SSLTN,194,2,2022-01-29
9207-ZPANB,252,5,2022-06-13
8469-SNFFH,149,6,2022-04-14
5014-GSOUQ,181,7,2022-03-04
8263-OKETD,199,4,2022-01-15
2229-DPMBI,17,3,2022-10-13
6164-HXUGH,170,7,2022-06-28
7595-EHCDL,154,6,2022-01-11
3097-FQTVJ,49,11,2022-01-13
0277-ORXQS,178,10,2022-08-03
3239-TPHPZ,171,7,2022-11-07
6372-RFVNS,201,10,2022-08-14
1257-SXUXQ,210,4,2022-03-04
0584-BJQGZ,86,6,2022-09-12
0523-VNGTF,72,4,2022-05-10
3519-ZKXGG,101,8,2022-09-20
6519-CFDBX,171,8,2022-06-20
2419-FSORS,81,6,2022-07-09
0378-XSZPU,241,9,2022-10-11
7975-TZMLR,200,2,2022-01-25
2866-IKBTM,295,4,2022-06-09
3417-TSCIC,140,2,2022-08-05
9506-UXUSK,40,5,2022-06-25
5816-QVHRX,252,10,2022-12-02
7746-QYVCO,258,8,2022-08-09
5170-PTRKA,218,2,2022-10-07
4123-DVHPH,256,4,2022-03-22
0174-QRVVY,74,4,2022-05-05
6368-NWMCE,238,2,2022-06-19
9912-GVSEQ,20,6,2022-03-11
7470-DYNOE,178,7,2022-03-19
5343-SGUBI,191,4,2022-03-31
8980-WQFWL,298,3,2022-12-14
5396-IZEPB,229,5,2022-04-21
9873-MNDKV,278,7,2022-06-13
3194-ORPIK,16,1,2022-05-08
8062-YBDOE,223,7,2022-06-04
4116-TZAQJ,5,8,2022-07-13
6862-CQUMB,115,3,2022-06-22
1154-HYWWO,281,4,2022-10-27
2388-LAESQ,133,7,2022-11-09
2947-DOMLJ,97,6,2022-01-21
0519-XUZJU,43,8,2022-11-07
3948-FVVRP,163,1,2022-04-19
0098-BOWSO,190,8,2022-12-26
3793-MMFUH,260,9,2022-05-09
7011-CVEUC,243,4,2022-10-07
7929-SKFGK,108,4,2022-01-27
9578-FOMUK,33,2,2022-12-10
7876-DNYAP,93,4,2022-04-02
5375-XLDOF,55,4,2022-10-22
4548-SDBKE,151,2,2022-02-24
0880-FVFWF,40,7,2022-07-15
8626-XHBIE,288,7,2022-08-09
4248-QPAVC,105,4,2022-10-28
5067-XJQFU,111,6,2022-06-05
9330-DHBFL,295,6,2022-04-11
7277-OZCGZ,109,3,2022-08-24
0655-YDGFJ,225,5,2022-10-12
9958-MEKUC,80,11,2022-03-10
3977-QCRSL,231,7,2022-09-24
5074-FBGHB,88,6,2022-05-18
0196-VULGZ,80,0,2022-09-05
8909-BOLNL,253,10,2022-04-13
2898-LSJGD,259,6,2022-04-18
1587-FKLZB,54,6,2022-07-19
9820-RMCQV,214,3,2022-08-03
7890-VYYWG,162,7,2022-06-04
6010-DDPPW,237,6,2022-03-28
6718-BDGHG,81,1,2022-07-28
5222-JCXZT,227,5,2022-06-27
2533-TIBIX,125,4,2022-03-15
3969-GYXEL,111,3,2022-09-15
2307-FYNNL,245,5,2022-09-30
1907-YLNYW,32,5,2022-12-17
8706-HRADD,196,5,2022-12-02
5150-ITWWB,253,5,2022-01-24
2791-SFVEW,217,0,2022-11-09
8782-NUUOL,25,0,2022-03-12
6475-VHUIZ,159,9,2022-03-24
1930-BZLHI,31,6,2022-12-19
1842-EZJMK,81,6,2022-10-19
5482-NUPNA,61,1,2022-10-28
9592-ERDKV,123,7,2022-01-10
1628-BIZYP,169,5,2022-11-15
8443-WVPSS,68,6,2022-02-12
3606-SBKRY,52,6,2022-02-20
6496-JDSSB,154,6,2022-07-26
7774-OJSXI,162,2,2022-04-17
6797-LNAQX,160,3,2022-09-16
7517-LDMPS,155,4,2022-07-13
7459-IMVYU,229,5,2022-08-23
0137-UDEUO,264,3,2022-06-12
7579-KKLOE,260,6,2022-03-10
5339-TJFEK,65,6,2022-12-01
2812-ENYMO,264,4,2022-10-19
0495-ZBNGW,166,6,2022-11-01
3097-IDVPU,35,6,2022-09-14
8486-AYEQH,75,9,2022-11-25
1965-DDBWU,6,2,2022-07-04
7361-YPXFS,54,4,2022-09-12
4853-OITSN,139,2,2022-04-26
0913-XWSCN,150,5,2022-01-14
7938-OUHIO,183,4,2022-08-03
4770-UEZOX,268,6,2022-04-03
7964-YESJC,208,4,2022-08-22
0835-JKADZ,191,4,2022-06-29
1100-DDVRV,34,5,2022-02-23
2208-UGTGR,63,3,2022-11-01
6474-FVJLC,13,7,2022-01-30
6064-PUPMC,171,7,2022-01-12
0559-CKHUS,283,6,2022-04-21
8178-EYZUO,195,4,2022-04-22
0156-FVPTA,246,6,2022-06-18
9500-IWPXQ,282,2,2022-04-14
3213-VVOLG,158,5,2022-01-11
1644-IRKSF,164,4,2022-12-13
7434-SHXLS,269,11,2022-11-25
9992-RRAMN,239,5,2022-09-29
7312-XSBAT,203,3,2022-01-14
7742-MYPGI,37,3,2022-06-24
8259-DZLIZ,93,2,2022-06-07
7105-BENQF,99,7,2022-04-20
7853-WNZSY,225,4,2022-06-01
4550-EVXNY,73,3,2022-08-22
4377-VDHYI,298,6,2022-05-21
2817-NTQDO,241,2,2022-04-29
8738-JOKAR,164,7,2022-01-09
2410-CIYFZ,280,4,2022-06-26
1591-XWLGB,294,5,2022-02-18
1335-NTIUC,46,9,2022-10-25
9170-ARBTB,70,4,2022-11-29
2075-PUEPR,25,4,2022-05-29
1346-PJWTK,74,6,2022-06-06
8777-PVYGU,265,1,2022-04-02
6629-LADHQ,250,6,2022-06-01
1208-NBVFH,239,5,2022-06-19
6050-FFXES,276,5,2022-03-25
3454-JFUBC,103,6,2022-12-25
6839-ITVZJ,39,7,2022-11-23
4641-FROLU,175,5,2022-02-17
2276-YDAVZ,114,6,2022-12-01
6598-RFFVI,299,6,2022-08-05
2530-ENDWQ,14,5,2022-03-18
4641-FROLU,206,6,2022-02-12
0505-SPOOW,261,4,2022-09-21
9300-RENDD,266,3,2022-03-04
8213-TAZPM,185,5,2022-09-02
1047-RNXZV,70,8,2022-04-30
1334-PDUKM,298,5,2022-11-15
2804-ETQDK,165,2,2022-09-19
5546-QUERU,71,7,2022-11-26
5914-GXMDA,104,6,2022-09-07
9921-EZKBY,81,5,2022-02-21
7156-MXBJE,39,5,2022-10-04
9926-PJHDQ,49,3,2022-05-22
7471-WNSUF,154,7,2022-09-08
9795-VOWON,72,7,2022-11-10
9313-CDOGY,258,7,2022-08-13
1564-NTYXF,21,3,2022-06-02
7055-HNEOJ,265,5,2022-02-25
2892-GESUL,217,6,2022-12-05
5193-QLVZB,260,5,2022-01-09
9824-BEMCV,220,5,2022-08-29
6591-QGOYB,290,4,2022-06-13
9919-FZDED,11,5,2022-05-13
6537-OTKMY,203,5,2022-03-22
3647-GMGDH,95,5,2022-12-16
6171-ZTVYB,151,5,2022-05-15
1345-GKDZZ,154,6,2022-05-14
2811-POVEX,56,6,2022-02-21
8910-ICHIU,247,3,2022-07-21
5993-BQHEA,223,11,2022-07-17
4404-HIBDJ,10,2,2022-04-16
5522-JBWMO,113,4,2022-11-07
6199-IWKGC,70,5,2022-09-01
2157-MXBJS,14,3,2022-08-21
5846-ABOBJ,206,4,2022-01-14
1591-XWLGB,286,6,2022-08-13
6166-ILMNY,218,4,2022-07-30
5087-SUURX,72,8,2022-07-20
7808-DVWEP,251,3,2022-06-14
0440-UEDAI,54,5,2022-02-18
9600-UDOPK,21,8,2022-05-13
8601-QACRS,15,5,2022-03-11
2691-NZETQ,128,2,2022-04-29
7356-IWLFW,229,4,2022-05-19
7982-VCELR,248,4,2022-08-31
9497-QCMMS,33,3,2022-06-30
0428-AXXLJ,289,5,2022-07-02
4257-GAESD,63,8,2022-12-01
9060-HJJRW,147,7,2022-02-19
5327-XOKKY,230,3,2022-06-30
3896-ZVNET,168,8,2022-05-05
4315-MURBD,88,6,2022-08-19
9591-YVTEB,121,5,2022-11-07
7123-WQUHX,208,3,2022-12-14
6963-EZQEE,298,6,2022-01-03
2357-COQEK,149,4,2022-06-22
4628-WQCQQ,31,6,2022-03-22
2951-QOQTK,21,5,2022-10-02
4228-ZGYUW,67,9,2022-11-11
3753-TSEMP,271,5,2022-12-11
4098-NAUKP,68,4,2022-08-07
6379-RXJRQ,43,4,2022-05-20
7089-XXAYG,134,7,2022-03-04
7876-DNYAP,119,5,2022-01-27
0666-UXTJO,49,5,2022-07-15
7794-JASDG,220,2,2022-06-01
6985-HAYWX,92,7,2022-09-09
8149-RSOUN,181,2,2022-09-05
1386-ZIKUV,269,7,2022-06-03
7878-RTCZG,109,3,2022-07-29
9576-SYUHJ,175,6,2022-01-22
6048-NJXHX,112,7,2022-03-11
2898-MRKPI,165,4,2022-01-19
0723-VSOBE,287,6,2022-04-11
4667-QONEA,44,3,2022-06-11
5146-CBVOE,30,6,2022-05-19
7932-WPTDS,87,6,2022-03-29
7009-PCARS,177,7,2022-02-06
7277-OZCGZ,177,7,2022-06-20
6469-QJKZW,286,8,2022-09-17
3261-CQXOL,74,4,2022-12-04
0419-YAAPX,10,3,2022-09-28
0324-BRPCJ,288,6,2022-09-12
5656-JAMLX,199,3,2022-05-20
7515-LODFU,17,6,2022-03-09
5829-NVSQN,67,4,2022-03-09
9127-QRZMH,17,5,2022-06-18
6818-WOBHJ,253,4,2022-04-15
5816-QVHRX,209,6,2022-11-11
8295-FHIVV,257,6,2022-02-27
7037-MTYVW,44,10,2022-07-06
8659-IOOPU,169,5,2022-02-25
6584-VQMYT,35,3,2022-01-04
0772-GYEQQ,21,7,2022-10-12
2959-MJHIC,141,3,2022-01-17
1485-YDHMM,169,4,2022-08-25
3070-DVEYC,285,4,2022-11-03
8949-JTMAY,227,3,2022-09-07
8937-RDTHP,126,10,2022-01-24
2153-MREFK,82,5,2022-10-27
0595-ITUDF,92,7,2022-04-26
4452-ROHMO,117,7,2022-08-26
6394-HHHZM,104,5,2022-06-18
0378-NHQXU,243,4,2022-11-09
2018-QKYGT,115,6,2022-10-15
7893-IXHRQ,94,4,2022-08-29
7426-WEIJX,143,3,2022-12-30
0111-KLBQG,139,5,2022-10-25
6015-VVHHE,16,5,2022-10-17
4815-GBTCD,248,3,2022-09-08
5692-ICXLW,186,5,2022-06-14
7021-XSNYE,199,4,2022-12-07
4310-KEDTB,126,8,2022-05-21
8490-BXHEO,57,1,2022-04-30
2887-JPYLU,177,4,2022-12-04
1061-PNTHC,183,4,2022-06-10
1226-IENZN,297,4,2022-04-15
0930-EHUZA,63,7,2022-12-04
2507-QZPQS,58,2,2022-04-02
2511-MORQY,261,1,2022-07-23
7011-CVEUC,249,5,2022-02-09
1697-BCSHV,153,7,2022-02-23
4881-JVQOD,288,4,2022-03-30
8812-ZRHFP,20,7,2022-05-15
6661-HBGWL,180,11,2022-01-02
9507-EXLTT,32,3,2022-04-07
4989-LIXVT,133,4,2022-02-25
0604-THJFP,227,3,2022-12-26
4116-IQRFR,248,5,2022-05-04
7821-DPRQE,242,3,2022-07-04
0233-FTHAV,236,9,2022-05-05
0274-JKUJR,96,6,2022-11-30
3393-FMZPV,7,6,2022-09-21
2805-AUFQN,85,6,2022-12-06
2595-KIWPV,48,9,2022-07-10
6120-RJKLU,159,6,2022-12-04
9786-YWNHU,28,10,2022-08-03
6350-XFYGW,103,8,2022-08-09
6549-YMFAW,175,3,2022-07-18
0867-MKZVY,152,7,2022-12-10
6595-YGXIT,127,0,2022-06-23
4464-JCOLN,116,2,2022-08-05
8234-GSZYK,134,3,2022-07-25
0147-ESWWR,72,6,2022-03-08
1452-UZOSF,221,5,2022-06-23
4290-BSXUX,100,6,2022-03-19
6624-JDRDS,149,3,2022-11-19
4826-DXMUP,37,6,2022-02-11
1205-WNWPJ,290,4,2022-03-05
0406-BPDVR,9,5,2022-11-25
2111-DWYHN,122,7,2022-07-18
9689-PTNPG,144,8,2022-03-31
3810-DVDQQ,234,5,2022-01-07
2126-GSEGL,164,4,2022-09-20
9840-DVNDC,298,8,2022-05-02
1698-XFZCI,253,7,2022-06-13
3545-CNWRG,277,2,2022-04-26
7876-AEHIG,190,3,2022-01-13
5832-TRLPB,44,7,2022-01-20
7503-EPSZW,228,4,2022-07-20
2274-XUATA,156,6,2022-11-05
4560-WQAQW,144,8,2022-09-11
6260-XLACS,132,4,2022-03-27
2808-CHTDM,151,2,2022-06-29
2387-KDZQY,289,8,2022-08-25
3638-DIMPH,222,9,2022-12-19
0784-GTUUK,224,2,2022-03-02
5151-HQRDG,149,2,2022-08-03
8661-BOYNW,281,6,2022-08-03
2799-ARNLO,246,3,2022-12-24
2753-JMMCV,64,8,2022-03-31
8161-QYMTT,102,4,2022-04-06
5167-ZFFMM,185,4,2022-03-02
4785-QRJHC,118,8,2022-02-25
2085-BOJKI,107,5,2022-08-08
2774-LVQUS,61,2,2022-04-04
5982-PSMKW,289,6,2022-02-09
3239-TPHPZ,133,3,2022-12-03
7872-BAAZR,90,10,2022-11-15
4826-XTSOH,204,6,2022-09-05
9444-JTXHZ,75,5,2022-08-05
7105-MXJLL,102,6,2022-06-03
9143-CANJF,180,3,2022-12-17
8993-IZEUX,237,10,2022-03-03
9402-ROUMJ,79,2,2022-08-28
7672-VFMXZ,147,2,2022-07-09
2232-DMLXU,27,4,2022-05-26
3039-MJSLN,185,6,2022-01-10
6096-EGVTU,49,4,2022-10-19
7061-OVMIM,96,2,2022-05-10
0168-XZKBB,273,7,2022-03-01
7469-LKBCI,38,5,2022-06-24
5766-XQXMQ,170,9,2022-03-14
6663-JOCQO,74,5,2022-08-27
9220-CXRSC,200,8,2022-06-28
9804-ICWBG,137,9,2022-03-08
3012-VFFMN,251,7,2022-03-22
7410-OIEDU,172,3,2022-03-18
9374-YOLBJ,281,5,2022-09-05
9554-DFKIC,160,5,2022-07-14
6692-YQHXC,27,4,2022-03-09
0147-ESWWR,204,4,2022-12-04
5073-RZGBK,279,4,2022-02-25
8276-MQBYC,54,5,2022-04-09
8800-ZKRFW,190,11,2022-09-27
8292-TYSPY,24,4,2022-03-17
2205-LPVGL,120,4,2022-11-27
9548-LIGTA,96,4,2022-03-07
6906-MPARY,57,4,2022-02-02
1895-QTKDO,127,5,2022-09-26
7445-WMRBW,269,2,2022-01-30
9725-SCPZG,8,6,2022-01-26
1635-FJFCC,173,12,2022-07-29
8931-GJJIQ,285,6,2022-09-26
0885-HMGPY,294,6,2022-11-20
5762-TJXGK,77,7,2022-05-03
5446-DKWYW,141,6,2022-02-02
3181-MIZBN,260,6,2022-05-23
1644-IRKSF,145,4,2022-05-25
7147-AYBAA,212,7,2022-09-19
7196-LIWRH,264,4,2022-01-05
0156-FVPTA,267,6,2022-06-10
0811-GSDTP,275,4,2022-11-06
7762-URZQH,42,4,2022-05-24
6349-JDHQP,207,7,2022-06-01
7817-OMJNA,228,2,2022-01-05
7089-IVVAZ,56,2,2022-07-14
2672-TGEFF,85,10,2022-05-05
5003-XZWWO,215,6,2022-03-17
0859-YGKFW,11,4,2022-11-02
6777-TGHTM,49,4,2022-06-18
6797-UCJHZ,281,3,2022-08-05
6158-HDPXZ,263,2,2022-07-02
3786-WOVKF,146,2,2022-12-03
3016-KSVCP,262,6,2022-04-23
8922-NPKBJ,289,3,2022-10-03
4759-TRPLW,41,3,2022-06-27
0634-SZPQA,49,0,2022-05-05
5349-IECLD,124,7,2022-10-18
2074-GKOWZ,50,4,2022-11-19
7503-EPSZW,144,5,2022-07-18
3913-FCUUW,57,3,2022-05-18
2688-BHGOG,292,4,2022-08-06
2262-SLNVK,278,5,2022-10-24
5176-LDKUH,273,3,2022-06-17
3106-ULWFW,283,3,2022-05-14
0233-FTHAV,66,4,2022-06-10
1492-KGETH,58,5,2022-09-29
0637-UBJRP,73,5,2022-10-07
9565-DJPIB,246,2,2022-09-05
0520-FDVVT,274,4,2022-08-10
1921-KYSAY,256,6,2022-11-12
1402-PTHGN,288,6,2022-11-26
2862-PFNIK,75,10,2022-06-21
9289-LBQVU,104,3,2022-09-16
3836-FZSDJ,65,6,2022-09-13
5014-WUQMG,107,5,2022-06-17
6284-AHOOQ,123,5,2022-04-30
0203-HHYIJ,21,5,2022-01-19
7950-XWOVN,195,1,2022-10-23
2038-LLMLM,216,9,2022-11-05
8614-VGMMV,82,6,2022-09-04
9931-KGHOA,50,2,2022-07-24
7054-LGEQW,97,2,2022-03-08
9861-PDSZP,17,10,2022-12-08
1689-MRZQR,232,6,2022-12-11
7176-WRTNX,21,4,2022-07-04
8543-MSDMF,66,3,2022-12-08
5348-CAGXB,47,7,2022-04-18
4318-RAJVY,72,7,2022-06-14
7078-NVFAM,216,9,2022-05-01
0921-OHLVP,207,7,2022-03-25
2410-CIYFZ,218,6,2022-10-29
5095-ETBRJ,113,5,2022-09-18
4009-ALQFH,288,5,2022-04-17
5762-TJXGK,98,5,2022-05-03
7868-TMWMZ,229,4,2022-03-14
7977-HXJKU,229,5,2022-12-03
5346-BZCHP,243,6,2022-11-09
9555-SAHUZ,122,8,2022-06-03
2933-FILNV,95,5,2022-10-16
1472-TNCWL,293,2,2022-04-07
4547-KQRTM,285,3,2022-10-19
8999-EXMNO,23,5,2022-12-15
9323-HGFWY,179,5,2022-10-05
0257-KXZGU,110,3,2022-09-11
4203-QGNZA,293,5,2022-03-23
5447-VYTKW,252,3,2022-01-17
5385-SUIRI,146,10,2022-10-27
2073-QBVBI,197,6,2022-06-29
0298-XACET,295,3,2022-08-04
9348-ROUAI,212,3,2022-01-22
4855-SNKMY,252,7,2022-08-24
5192-EBGOV,146,5,2022-07-30
1335-HQMKX,226,8,2022-10-13
0237-YFUTL,229,5,2022-07-26
0374-IOEGQ,188,8,2022-11-21
8065-BVEPF,192,6,2022-09-12
4112-LUEIZ,117,6,2022-12-11
0608-JDVEC,185,8,2022-01-11
7560-QJAVJ,203,8,2022-11-03
9833-TGFHX,74,6,2022-11-15
2587-EKXTS,90,5,2022-12-08
2582-FFFZR,43,3,2022-02-03
7801-KICAO,135,5,2022-05-01
8750-QWZAJ,14,4,2022-08-24
8455-HIRAQ,7,5,2022-07-02
3763-GCZHZ,154,3,2022-03-19
4080-IIARD,71,4,2022-05-03
1179-INLAT,197,6,2022-10-03
7665-VIGUD,101,12,2022-07-27
2137-DQMEV,23,5,2022-07-05
9824-BEMCV,102,8,2022-01-17
1320-REHCS,61,9,2022-10-17
8212-DJRCH,111,5,2022-09-11
3148-BLQJT,92,6,2022-04-09
1429-UYJSV,145,6,2022-05-27
0215-BQKGS,148,0,2022-04-24
7560-QRBXH,56,5,2022-04-07
3777-XROBG,216,4,2022-11-18
6651-AZVTJ,45,2,2022-11-24
8374-UULRV,95,6,2022-12-15
6828-HMKWP,43,5,2022-06-19
1352-HNSAW,17,4,2022-11-03
5597-GLBUC,100,6,2022-07-18
7409-KIUTL,113,3,2022-06-26
3572-UUHRS,108,10,2022-05-04
8898-KASCD,235,6,2022-06-06
3978-YNKDD,47,5,2022-04-05
6516-NKQBO,213,6,2022-10-13
3088-FVYWK,92,4,2022-04-09
9659-ZTWSM,97,5,2022-08-23
2599-CIPQE,178,3,2022-07-09
8191-XWSZG,130,5,2022-10-21
1075-BGWOH,113,4,2022-09-30
6408-WHTEF,51,3,2022-11-26
0148-DCDOS,218,6,2022-01-18
3096-YXENJ,96,4,2022-06-23
3970-XGJDU,185,3,2022-11-02
8053-WWDRO,45,5,2022-04-30
6476-EPYZR,263,4,2022-09-13
8752-STIVR,125,1,2022-04-06
9396-ZSFLL,81,3,2022-11-06
6300-BWMJX,99,5,2022-01-31
9572-WUKSB,273,6,2022-04-07
3810-DVDQQ,22,3,2022-07-12
6838-HVLXG,297,5,2022-08-21
1850-AKQEP,175,3,2022-02-15
8625-AZYZY,166,7,2022-10-18
5986-WWXDV,56,5,2022-08-24
6166-YIPFO,40,4,2022-02-18
8397-MVTAZ,191,9,2022-12-03
0943-ZQPXH,252,2,2022-06-11
9766-HGEDE,56,2,2022-10-12
7079-QRCBC,23,6,2022-05-14
0142-GVYSN,96,12,2022-09-14
1862-SKORY,143,2,2022-07-02
0020-JDNXP,224,6,2022-01-27
2874-YXVVA,103,3,2022-05-20
1513-XNPPH,240,6,2022-09-17
8086-OVPWV,211,9,2022-03-21
5944-UGLLK,148,4,2022-06-29
1623-NLDOT,203,5,2022-09-24
2560-WBWXF,291,5,2022-02-21
6568-POCUI,268,2,2022-03-25
8734-DKSTZ,221,4,2022-06-05
4877-EVATK,193,7,2022-11-24
4695-VADHF,48,5,2022-04-14
6265-SXWBU,295,5,2022-12-12
0323-XWWTN,193,6,2022-04-07
8213-TAZPM,198,5,2022-05-05
3387-VATUS,274,3,2022-07-02
5485-ITNPC,264,5,2022-11-23
4661-NJEUX,243,6,2022-02-23
4323-SADQS,116,5,2022-10-29
9681-KYGYB,73,5,2022-06-13
8652-YHIYU,53,9,2022-05-29
0701-RFGFI,155,6,2022-10-17
4568-KNYWR,243,4,2022-03-28
9323-HGFWY,119,5,2022-06-11
2074-GUHPQ,79,7,2022-06-17
3346-BRMIS,102,6,2022-05-15
2311-QYMUQ,115,6,2022-03-31
0486-HECZI,289,4,2022-11-04
9747-DDZOS,260,6,2022-11-01
9278-VZKCD,121,5,2022-03-22
0297-RBCSG,180,7,2022-12-17
9214-EKVXR,232,7,2022-08-19
2824-MYYBN,110,2,2022-03-30
0334-ZFJSR,243,9,2022-10-20
5288-AHOUP,104,7,2022-01-02
9488-HGMJH,180,6,2022-12-18
0475-RIJEP,253,4,2022-08-10
5301-GAUUY,80,5,2022-01-17
3318-NMQXL,7,3,2022-07-15
6728-DKUCO,85,3,2022-04-30
8380-MQINP,292,8,2022-08-30
6734-FQAJX,12,4,2022-06-23
8565-HBFNN,91,5,2022-02-01
3298-QEICA,290,6,2022-10-02
2041-JIJCI,78,4,2022-07-14
2592-YKDIF,127,4,2022-01-04
5440-VHLUL,298,4,2022-10-08
5387-ASZNZ,147,4,2022-01-21
3376-BMGFE,162,6,2022-08-26
3594-BDSOA,113,4,2022-04-03
9544-PYPSJ,199,5,2022-03-30
7089-RKVSZ,40,5,2022-04-23
1970-KKFWL,94,7,2022-08-09
3719-TDVQB,205,2,2022-04-08
1309-BXVOQ,50,2,2022-05-22
3012-VFFMN,111,6,2022-05-30
5227-JSCFE,174,4,2022-02-17
8565-WUXZU,150,5,2022-02-20
1360-XFJMR,182,2,2022-07-27
9375-MHRRS,65,3,2022-01-11
2311-QYMUQ,7,5,2022-09-27
8791-GFXLZ,86,7,2022-09-20
0939-YAPAF,267,6,2022-07-16
6386-SZZKH,291,8,2022-07-05
3737-XBQDD,99,2,2022-10-23
5789-LDFXO,68,4,2022-08-09
2509-TFPJU,250,6,2022-03-22
3521-HTQTV,81,7,2022-08-10
3018-TFTSU,263,4,2022-06-19
5519-TEEUH,97,7,2022-03-27
7103-ZGVNT,295,6,2022-02-13
8838-GPHZP,275,10,2022-09-18
5716-LIBJC,25,9,2022-04-14
8687-BAFGU,66,4,2022-10-11
5322-ZSMZY,264,4,2022-08-16
1266-NZYUI,241,2,2022-07-07
6328-ZPBGN,145,6,2022-05-01
5919-VCZYM,171,3,2022-05-29
0689-NKYLF,71,8,2022-12-18
0100-DUVFC,62,5,2022-11-01
2023-VQFDL,216,3,2022-02-26
6794-HKIAJ,134,6,2022-12-07
4729-XKASR,29,2,2022-07-08
6823-SIDFQ,15,7,2022-12-23
0988-AADSA,261,3,2022-02-07
9408-SSNVZ,85,4,2022-07-20
0856-NAOES,290,4,2022-08-17
7054-LGEQW,23,12,2022-05-11
3351-NQLDI,114,5,2022-06-20
2606-RMDHZ,38,6,2022-11-26
3422-WJOYD,292,2,2022-02-04
2848-YXSMW,259,8,2022-07-20
9975-GPKZU,130,10,2022-06-17
5909-ECHUI,213,1,2022-09-03
8805-JNRAZ,138,2,2022-08-12
9978-HYCIN,90,4,2022-12-07
5919-VCZYM,79,8,2022-02-27
9750-BOOHV,139,5,2022-10-17
8782-LKFPK,177,5,2022-01-25
8111-BKVDS,217,3,2022-02-01
1596-BBVTG,23,6,2022-04-20
1591-NFNLQ,123,5,2022-04-11
2080-CAZNM,289,8,2022-05-30
4749-VFKVB,231,4,2022-12-11
3858-VOBET,216,3,2022-07-12
9985-MWVIX,193,4,2022-04-19
9501-UKKNL,155,3,2022-12-22
0640-YJTPY,227,2,2022-10-04
7446-YPODE,132,1,2022-08-21
0308-GIQJT,252,4,2022-01-21
6650-BWFRT,55,8,2022-09-09
1229-RCALF,195,5,2022-01-14
5296-BFCYD,241,3,2022-08-03
4070-OKWVH,26,3,2022-01-24
2068-WWXQZ,114,6,2022-01-20
4110-PFEUZ,37,5,2022-07-21
5327-CNLUQ,131,1,2022-11-17
1347-KTTTA,48,5,2022-02-21
9778-OGKQZ,11,2,2022-12-23
6859-RKMZJ,132,4,2022-07-05
1794-SWWKL,95,8,2022-07-26
4884-ZTHVF,134,1,2022-12-26
5057-LCOUI,21,7,2022-04-05
8580-AECUZ,190,6,2022-12-14
4720-VSTSI,114,1,2022-09-23
2880-FPNAE,290,5,2022-11-22
2801-NISEI,167,10,2022-01-15
5150-LJNSR,79,7,2022-06-24
1116-FRYVH,203,6,2022-08-07
0946-FKYTX,291,6,2022-01-10
0229-LFJAF,186,4,2022-01-19
8739-QOTTN,101,6,2022-03-09
0186-CAERR,55,5,2022-10-05
5995-SNNEW,38,4,2022-11-15
5624-RYAMH,25,8,2022-10-21
8332-OSJDW,188,7,2022-01-15
4654-DLAMQ,297,3,2022-11-22
2428-HYUNX,68,10,2022-04-24
0244-LGNFY,128,4,2022-10-27
2219-MVUSO,105,4,2022-06-07
8671-KKKOS,123,7,2022-04-14
6874-SGLHU,82,5,2022-10-07
3452-ABWRL,185,5,2022-03-27
1518-OMDIK,203,5,2022-04-04
9638-JIQYA,194,2,2022-06-23
4753-PADAS,107,3,2022-08-30
0916-KNFAJ,279,4,2022-09-19
4355-HBJHH,134,2,2022-10-21
9955-QOPOY,245,2,2022-10-09
3970-XGJDU,138,4,2022-05-27
0872-NXJYS,161,1,2022-01-02
1622-HSHSF,162,1,2022-03-09
1206-EHBDD,194,5,2022-03-10
0973-KYVNF,104,3,2022-02-16
8450-UYIBU,56,3,2022-12-21
0774-RMNUW,53,5,2022-03-05
7515-LODFU,104,4,2022-03-21
3164-AALRN,255,3,2022-09-11
7115-IRDHS,58,0,2022-08-25
9526-JAWYF,141,7,2022-11-25
6103-LIANB,166,6,2022-05-19
2754-XBHTB,296,5,2022-09-21
5696-QURRL,85,5,2022-11-12
1389-CXMLU,224,4,2022-06-03
2720-WGKHP,89,7,2022-05-12
1371-DWPAZ,87,8,2022-08-14
8601-QACRS,71,3,2022-04-02
1666-JZPZT,238,4,2022-04-28
9848-JQJTX,202,6,2022-05-06
2229-VWQJH,263,4,2022-08-15
8277-RVRSV,181,5,2022-12-05
7028-DVOIQ,284,6,2022-06-28
9717-QEBGU,133,2,2022-03-26
5445-GLVOT,184,11,2022-06-13
4223-WOZCM,296,5,2022-08-18
6322-PJJDJ,211,5,2022-07-25
3128-YOVTD,298,5,2022-04-14
3569-VLDHH,179,3,2022-04-24
1110-KYLGQ,33,4,2022-07-07
0786-VSSUD,183,8,2022-09-28
7315-WYOAW,45,6,2022-02-20
2323-ARSVR,196,6,2022-11-02
2692-PFYTJ,241,7,2022-08-10
4003-OCTMP,229,5,2022-04-21
8215-NGSPE,118,8,2022-02-24
8544-GOQSH,282,5,2022-01-12
0529-ONKER,21,2,2022-07-09
4423-JWZJN,90,1,2022-06-04
3853-LYGAM,185,6,2022-12-01
0396-YCHWO,149,8,2022-12-12
4526-ZJJTM,229,6,2022-09-22
2904-GGUAZ,58,4,2022-12-26
6407-GSJNL,72,6,2022-04-14
8183-ONMXC,111,4,2022-06-12
9313-CDOGY,81,2,2022-05-21
3274-NSDWE,31,2,2022-08-25
2276-YDAVZ,159,2,2022-02-13
2081-VEYEH,76,7,2022-08-27
3810-PJUHR,184,4,2022-04-07
5396-IZEPB,51,6,2022-04-08
3082-YVEKW,246,5,2022-11-20
4316-XCSLJ,281,4,2022-02-22
3166-PNEOF,109,2,2022-04-19
4116-TZAQJ,99,6,2022-09-14
8169-SAEJD,223,5,2022-01-11
2242-MFOTG,174,3,2022-06-27
8152-VETUR,287,5,2022-10-21
7638-QVMVY,132,1,2022-01-25
6821-BUXUX,204,4,2022-05-06
7488-MXJIV,39,6,2022-09-23
1090-PYKCI,148,1,2022-05-13
4088-YLDSU,296,5,2022-10-05
8150-QUDFX,70,4,2022-02-11
7580-UGXNC,223,7,2022-04-11
0980-PVMRC,60,8,2022-10-11
0929-HYQEW,149,3,2022-10-04
7969-AULMZ,217,4,2022-05-19
6434-TTGJP,98,8,2022-08-09
1915-OAKWD,110,1,2022-03-10
4672-FOTSD,88,5,2022-10-20
0013-MHZWF,140,9,2022-06-26
5451-MHQOF,150,5,2022-07-16
2933-FILNV,253,3,2022-02-02
9124-LHCJQ,22,3,2022-10-28
1060-ENTOF,129,4,2022-08-16
3656-TKRVZ,6,3,2022-05-16
4826-XTSOH,204,4,2022-05-14
6212-ATMLK,142,9,2022-05-23
2239-CFOUJ,207,7,2022-09-02
6121-TNHBO,286,5,2022-05-17
5676-CFLYY,34,5,2022-03-02
9928-BZVLZ,60,2,2022-02-25
6680-WKXRZ,123,7,2022-05-13
8749-JMNKX,136,3,2022-07-27
1356-MKYSK,235,5,2022-05-06
4248-HCETZ,156,2,2022-05-03
2560-PPCHE,25,2,2022-08-19
4285-GYRQC,72,4,2022-02-04
6765-MBQNU,130,4,2022-09-23
3315-TOTBP,47,8,2022-04-01
4526-ZJJTM,186,9,2022-01-21
1178-PZGAB,104,10,2022-05-20
0839-QNXME,244,8,2022-09-22
6474-FVJLC,204,10,2022-04-30
0263-FJTQO,120,2,2022-08-09
4325-NFSKC,119,7,2022-01-23
2054-PJOCK,146,6,2022-02-08
8548-AWOFC,123,6,2022-08-23
3841-NFECX,97,6,2022-08-29
4765-OXPPD,13,5,2022-05-08
2957-JIRMN,77,4,2022-01-22
7663-YJHSN,30,4,2022-02-24
3865-QBWSJ,243,4,2022-11-26
0674-DGMAQ,149,3,2022-02-16
7698-YFGEZ,72,6,2022-08-22
3763-GCZHZ,192,4,2022-01-27
4957-TREIR,135,8,2022-02-17
7017-VFHAY,225,4,2022-06-16
0347-UBKUZ,285,5,2022-09-28
7562-GSUHK,281,6,2022-03-22
8869-TORSS,144,4,2022-04-28
9907-SWKKF,58,5,2022-02-14
9505-SQFSW,5,1,2022-10-02
9929-PLVPA,132,2,2022-06-30
6621-YOBKI,5,4,2022-11-07
7901-IIDQV,177,3,2022-08-20
3154-CFSZG,270,2,2022-03-27
3468-DRVQJ,260,5,2022-04-15
7361-YPXFS,178,7,2022-08-31
3158-MOERK,49,5,2022-06-26
7123-WQUHX,145,2,2022-08-22
9878-TNQGW,31,8,2022-03-19
0365-TRTPY,237,4,2022-05-06
3721-CNEYS,213,3,2022-07-08
7351-MHQVU,54,3,2022-03-01
6339-RZCBJ,65,8,2022-08-08
0259-GBZSH,247,5,2022-03-17
5760-IFJOZ,273,3,2022-04-01
6994-KERXL,144,10,2022-04-26
8775-LHDJH,161,4,2022-10-07
8544-GOQSH,89,3,2022-06-16
6064-ZATLR,88,6,2022-05-06
2796-NNUFI,280,2,2022-08-21
7696-AMHOD,35,7,2022-04-24
8409-WQJUX,12,2,2022-04-10
9541-PWTWO,284,7,2022-05-31
9993-LHIEB,207,5,2022-03-13
0225-ZORZP,37,9,2022-12-15
3396-DKDEL,147,3,2022-06-16
8167-GJLRN,41,4,2022-03-13
3566-VVORZ,151,5,2022-12-14
8884-FEEWR,232,4,2022-12-19
9313-QOLTZ,38,7,2022-01-11
2344-JMOGN,241,7,2022-10-25
0504-HHAPI,216,3,2022-08-17
0945-TSONX,144,5,2022-05-06
6999-CHVCF,194,7,2022-06-02
5115-GZDEL,100,8,2022-06-11
4667-QONEA,198,3,2022-10-05
0537-QYZZN,156,3,2022-06-28
8309-PPCED,227,8,2022-05-24
0074-HDKDG,200,2,2022-05-19
7901-HXJVA,92,5,2022-07-25
5307-UVGNB,21,5,2022-04-06
6551-ZCOTS,215,3,2022-08-02
2245-ADZFJ,236,7,2022-03-10
1208-NBVFH,187,4,2022-12-22
6507-DTJZV,166,4,2022-11-14
9223-UCPVT,74,4,2022-01-19
3071-VBYPO,64,5,2022-11-12
1925-LFCZZ,183,7,2022-12-17
0378-XSZPU,81,2,2022-04-11
5202-IVJNU,39,5,2022-03-22
5619-XZZKR,20,7,2022-07-02
6368-TZZDT,298,5,2022-01-18
9833-TGFHX,175,0,2022-06-04
8665-UTDHZ,36,4,2022-12-07
3932-CMDTD,267,0,2022-05-09
4318-RAJVY,219,3,2022-11-11
1172-VIYBP,50,9,2022-06-10
9350-VLHMB,193,3,2022-04-29
8161-QYMTT,278,5,2022-11-28
4139-JPIAM,75,5,2022-06-22
9846-GKXAS,92,6,2022-06-02
7163-OCEQI,265,2,2022-01-20
5027-XWQHA,186,6,2022-02-03
4853-OITSN,26,5,2022-11-10
7527-QNRUS,78,5,2022-03-01
7901-TBKJX,94,4,2022-06-07
5143-WMWOG,170,5,2022-12-30
3070-DVEYC,238,2,2022-07-25
6656-JWRQX,133,4,2022-04-03
9099-FTUHS,296,1,2022-08-06
9381-NDKME,99,5,2022-11-19
4361-JEIVL,32,6,2022-03-30
6181-AXXYF,39,3,2022-06-22
7486-KSRVI,235,3,2022-02-09
5989-AXPUC,129,3,2022-07-22
1134-YWTYF,83,7,2022-08-09
9688-YGXVR,65,10,2022-02-16
2805-EDJPQ,221,10,2022-08-31
3898-BSJYF,286,11,2022-03-29
5940-NFXKV,167,4,2022-06-06
0568-ONFPC,61,5,2022-06-11
0870-VEMYL,195,5,2022-01-20
1583-IHQZE,136,2,2022-05-28
8257-RZAHR,46,6,2022-07-20
6959-GQEGV,177,6,2022-11-08
5014-WUQMG,171,7,2022-05-31
4770-QAZXN,254,8,2022-04-10
4325-NFSKC,197,5,2022-09-04
0137-UDEUO,282,6,2022-04-23
2202-OUTMO,242,5,2022-08-07
5193-QLVZB,234,3,2022-12-10
0576-WNXXC,169,3,2022-12-26
4188-PCPIG,247,2,2022-01-25
9725-SCPZG,94,3,2022-10-16
3520-FJGCV,183,4,2022-04-13
4936-YPJNK,62,12,2022-03-20
5940-NFXKV,267,7,2022-01-16
0231-LXVAP,140,8,2022-12-07
9593-CVZKR,242,3,2022-02-28
3460-TJBWI,247,6,2022-07-13
2718-YSKCS,155,6,2022-05-05
2911-IJORQ,251,6,2022-02-01
8660-BUETV,223,3,2022-06-27
4423-YLHDV,13,5,2022-08-07
4163-KIUHY,298,6,2022-04-10
2484-DGXPZ,17,4,2022-04-13
4676-WLUHT,267,6,2022-04-28
6516-NKQBO,229,5,2022-08-31
1078-TDCRN,235,8,2022-04-29
1074-AMIOH,182,7,2022-01-07
2229-DPMBI,251,4,2022-01-10
3452-GWUIN,71,5,2022-11-12
0899-WZRSD,161,3,2022-10-08
8705-WZCYL,169,5,2022-02-11
3946-JEWRQ,188,10,2022-02-16
9174-IHETN,212,4,2022-04-06
1423-BMPBQ,20,6,2022-09-03
9701-CDXHR,245,5,2022-08-12
4360-QRAVE,234,4,2022-04-24
3551-HUAZH,22,1,2022-02-01
5183-SNMJQ,151,8,2022-11-26
2305-MRGLV,248,5,2022-06-02
6469-MRVET,55,3,2022-08-05
4123-FCVCB,263,4,2022-09-03
4759-PXTAN,242,3,2022-09-29
9281-CEDRU,250,6,2022-12-16
2234-EOFPT,53,7,2022-09-18
8020-BWHYL,288,6,2022-01-07
0963-ZBDRN,42,4,2022-07-24
2237-ZFSMY,288,1,2022-09-21
2205-YMZZJ,36,5,2022-10-16
3580-GICBM,247,4,2022-11-14
2718-GAXQD,45,4,2022-07-21
6861-OKBCE,296,9,2022-04-26
7130-CTCUS,107,4,2022-07-31
3376-BMGFE,296,2,2022-06-09
7727-SHVZV,111,2,2022-05-09
8861-HGGKB,250,5,2022-12-13
5299-RULOA,91,4,2022-05-28
1705-GUHPV,70,5,2022-11-07
9003-CPATH,142,4,2022-03-19
9606-PBKBQ,204,6,2022-09-19
3207-OYBWH,97,6,2022-02-21
1757-TCATG,282,7,2022-09-15
6766-HFKLA,24,11,2022-08-09
2607-DHDAK,293,3,2022-02-08
4521-WFJAI,94,7,2022-09-05
8063-GBATB,54,6,2022-10-15
6933-VLYFX,14,2,2022-09-11
1442-OKRJE,83,2,2022-04-26
2560-WBWXF,41,8,2022-07-16
8314-HTWVE,63,3,2022-08-02
3870-MQAMG,92,6,2022-04-02
6445-TNRXS,108,5,2022-02-01
3351-NQLDI,281,7,2022-04-03
3494-JCHRQ,108,3,2022-08-20
8208-EUMTE,258,5,2022-05-11
4881-JVQOD,234,0,2022-11-14
6906-MPARY,41,4,2022-08-11
5753-QQWPW,146,3,2022-01-13
2273-QCKXA,47,6,2022-11-22
0899-WZRSD,120,8,2022-01-21
2773-MADBQ,88,3,2022-01-14
5360-LJCNJ,263,2,2022-12-11
7030-NJVDP,91,3,2022-11-23
2123-VSCOT,295,4,2022-04-17
4581-LNWUM,100,3,2022-05-08
0468-YRPXN,259,3,2022-02-01
7890-VYYWG,140,4,2022-06-18
6240-EURKS,252,5,2022-10-15
5103-MHMHY,96,5,2022-03-22
5777-KJIRB,251,8,2022-07-01
3620-MWJNE,262,6,2022-12-24
5949-XIKAE,191,4,2022-07-09
8818-DOPVL,128,5,2022-09-12
3605-JISKB,264,8,2022-12-07
8993-PHFWD,173,4,2022-10-26
0221-WMXNQ,115,2,2022-06-15
3653-NCRDJ,294,6,2022-09-13
3682-YEUWS,91,3,2022-07-17
6656-GULJQ,17,5,2022-08-01
7337-CINUD,267,4,2022-02-14
2805-AUFQN,292,4,2022-10-29
4946-EDSEW,27,7,2022-12-26
4102-HLENU,204,2,2022-01-13
0356-OBMAC,246,8,2022-02-21
6108-OQZDQ,243,6,2022-09-22
2626-URJFX,169,8,2022-11-21
6701-YVNQG,230,4,2022-02-12
5921-NGYRH,180,7,2022-01-07
7416-CKTEP,33,5,2022-08-18
4423-YLHDV,169,5,2022-02-13
1591-XWLGB,27,9,2022-06-21
2195-VVRJF,298,4,2022-04-12
5684-FJVYR,48,1,2022-08-11
2373-NTKOD,265,5,2022-03-09
6286-ZHAOK,184,5,2022-05-02
1403-GYAFU,143,5,2022-03-18
3219-JQRSL,252,7,2022-10-27
7853-GVUDZ,245,8,2022-10-23
7777-UNYHB,110,7,2022-07-24
0603-OLQDC,177,9,2022-11-14
1710-RCXUS,53,4,2022-06-20
1248-DYXUB,127,6,2022-08-06
0114-PEGZZ,39,7,2022-11-01
9619-GSATL,110,4,2022-07-12
5143-EGQFK,200,7,2022-11-29
5760-IFJOZ,113,5,2022-06-02
4585-HETAI,129,5,2022-02-10
6439-GTPCA,299,3,2022-01-23
6340-DACFT,41,5,2022-07-05
1488-PBLJN,192,4,2022-08-04
0254-FNMCI,27,1,2022-02-12
8920-NAVAY,265,8,2022-12-27
6416-TVAIH,198,8,2022-04-23
1229-RCALF,156,3,2022-08-19
4137-BTIKL,22,4,2022-04-20
2369-FEVNO,31,6,2022-05-18
9774-NRNAU,28,5,2022-04-15
2323-ARSVR,33,5,2022-11-12
4958-XCBDQ,143,6,2022-05-20
0822-QGCXA,150,3,2022-09-12
3932-CMDTD,127,9,2022-12-15
3594-KADLU,132,5,2022-03-16
9365-SRSZE,121,5,2022-08-21
4062-HBMOS,136,3,2022-07-31
0484-FFVBJ,293,2,2022-02-27
9350-VLHMB,210,2,2022-02-07
0899-WZRSD,240,7,2022-09-19
2027-WKXMW,46,5,2022-07-31
1166-PQLGG,164,9,2022-05-18
1453-RZFON,256,3,2022-10-09
1965-DDBWU,183,7,2022-02-27
8627-EHGIP,129,7,2022-09-30
4779-ZGICK,264,6,2022-02-22
7527-QNRUS,280,5,2022-07-25
4232-JGKIY,217,9,2022-01-05
5117-IFGPS,194,5,2022-11-19
0356-ERHVT,62,5,2022-04-17
5304-EFJLP,207,3,2022-08-31
2889-FPWRM,84,5,2022-05-28
8361-LTMKD,232,4,2022-06-28
9170-ARBTB,99,5,2022-06-23
6993-OHLXR,8,2,2022-11-19
9277-JOOMO,169,6,2022-05-19
6976-BWGLQ,46,4,2022-06-24
9548-ZMVTX,289,2,2022-09-10
3976-HXHCE,233,4,2022-09-07
0015-UOCOJ,247,2,2022-05-16
9127-QRZMH,216,5,2022-01-22
7078-NVFAM,59,4,2022-02-07
8328-SKJNO,177,3,2022-01-27
7032-LMBHI,281,4,2022-10-09
3373-YZZYM,233,6,2022-10-06
4625-XMOYM,34,5,2022-04-30
8943-URTMR,27,4,2022-09-10
9208-OLGAQ,9,4,2022-12-25
8169-SAEJD,67,6,2022-03-06
8853-TZDGH,225,4,2022-03-15
7168-HDQHG,86,4,2022-10-30
8325-QRPZR,246,5,2022-11-13
7619-ODSGN,257,8,2022-06-23
9667-EQRXU,56,5,2022-09-17
2074-GUHPQ,43,7,2022-10-12
6402-EJMWF,263,8,2022-03-14
6036-TTFYU,275,4,2022-03-20
2833-SLKDQ,76,3,2022-02-13
6813-GZQCG,74,3,2022-08-21
6179-GJPSO,224,5,2022-01-03
8433-WXGNA,8,2,2022-03-20
5216-WASFJ,294,6,2022-06-30
2207-RYYRL,296,7,2022-05-19
4418-LZMSV,235,7,2022-10-30
3682-YEUWS,84,2,2022-01-07
7028-DVOIQ,70,5,2022-11-20
6728-DKUCO,140,6,2022-08-01
1552-TKMXS,195,5,2022-01-01
1752-OZXFY,63,3,2022-07-03
6328-ZPBGN,270,4,2022-09-08
0265-PSUAE,11,4,2022-08-03
3077-RSNTJ,206,3,2022-03-18
8849-GYOKR,241,7,2022-02-12
5173-WXOQV,272,5,2022-06-06
3340-QBBFM,83,7,2022-01-18
3070-FNFZQ,50,5,2022-12-09
4632-PAOYU,247,2,2022-08-08
9839-ETQOE,292,4,2022-03-14
9995-HOTOH,164,4,2022-07-09
5701-GUXDC,119,2,2022-12-29
7243-LCGGZ,118,6,2022-09-19
4881-GQJTW,130,4,2022-05-24
8740-XLHDR,94,6,2022-05-09
8107-KNCIM,65,4,2022-10-05
7677-SJJJK,106,2,2022-10-29
3569-EDBPQ,118,4,2022-07-09
9738-QLWTP,178,1,2022-05-31
1642-HMARX,96,9,2022-11-03
2344-JMOGN,187,2,2022-04-05
9625-RZFUK,209,5,2022-02-07
9972-NKTFD,199,6,2022-06-05
1322-AGOQM,29,5,2022-10-27
2812-REYAT,238,4,2022-12-13
0661-XEYAN,20,3,2022-02-11
4023-RTIQM,145,7,2022-11-12
8325-QRPZR,112,2,2022-05-06
3027-ZTDHO,84,0,2022-11-09
1063-DHQJF,80,5,2022-03-18
1703-MGIAB,280,4,2022-04-06
0869-PAPRP,272,3,2022-09-20
1548-FEHVL,116,3,2022-11-03
7317-GGVPB,79,7,2022-08-13
9497-QCMMS,218,6,2022-04-21
8356-WUAOJ,38,5,2022-08-26
1565-RHDJD,145,4,2022-07-24
0623-IIHUG,170,4,2022-10-15
7941-RCJOW,235,6,2022-09-20
2665-NPTGL,296,6,2022-03-17
0570-BFQHT,32,3,2022-05-23
8035-BUYVG,299,3,2022-11-11
9103-CXVOK,95,3,2022-03-26
3717-OFRTN,119,1,2022-09-09
1101-SSWAG,163,6,2022-11-29
9073-ZZIAY,262,5,2022-08-20
5543-QDCRY,94,6,2022-10-22
2959-MJHIC,249,3,2022-11-15
6022-KOUQO,35,4,2022-05-10
5186-EJEGL,232,6,2022-10-12
4634-JLRJT,132,8,2022-11-13
6166-YIPFO,274,5,2022-01-29
0378-XSZPU,274,1,2022-08-16
9498-FIMXL,213,4,2022-10-21
9708-HPXWZ,182,5,2022-01-07
6152-ONASV,195,5,2022-01-30
2082-OJVTK,72,4,2022-08-03
6394-MFYNG,271,5,2022-04-25
5063-IUOKK,274,10,2022-08-03
1133-KXCGE,132,3,2022-06-13
5919-TMRGD,268,4,2022-06-19
5014-WUQMG,225,10,2022-08-09
5564-NEMQO,246,2,2022-09-17
9076-AXYIK,248,3,2022-07-31
0128-MKWSG,23,3,2022-09-18
4683-WYDOU,159,6,2022-10-29
9605-WGJVW,233,3,2022-11-27
6968-GMKPR,62,5,2022-05-10
1925-GMVBW,285,11,2022-04-15
6664-FPDAC,49,6,2022-02-23
4256-ZWTZI,106,1,2022-04-18
8100-HZZLJ,52,7,2022-11-11
3174-AKMAS,54,3,2022-10-16
4361-BKAXE,85,3,2022-09-12
1899-VXWXM,63,4,2022-10-05
4373-MAVJG,165,5,2022-02-16
7795-CFOCW,107,5,2022-05-14
0442-TDYUO,278,6,2022-01-24
1096-ADRUX,187,7,2022-04-27
0235-KGSLC,120,4,2022-08-27
8837-VVWLQ,271,8,2022-11-03
9753-OYLBX,168,8,2022-02-10
4374-YMUSQ,147,8,2022-09-07
1818-ESQMW,98,1,2022-11-19
7315-WYOAW,254,6,2022-03-30
1918-ZBFQJ,244,7,2022-04-02
8710-YGLWG,63,0,2022-03-22
3662-FXJFO,19,8,2022-05-10
9710-ZUSHQ,289,4,2022-04-01
8903-WMRNW,207,6,2022-04-10
6313-GIDIT,241,4,2022-03-19
6248-TKCQV,291,7,2022-02-12
4667-QONEA,77,11,2022-05-03
7398-SKNQZ,218,8,2022-10-15
5622-UEJFI,15,10,2022-01-23
3566-HJGPK,229,4,2022-05-24
1905-OEILC,207,4,2022-09-15
2637-FKFSY,235,5,2022-01-07
7075-BNDVQ,55,7,2022-10-04
2172-EJXVF,61,3,2022-07-05
2927-QRRQV,136,6,2022-04-05
1972-XMUWV,284,5,2022-01-25
3904-UKFRE,229,5,2022-10-18
6754-WKSHP,178,4,2022-08-15
0840-DFEZH,296,3,2022-06-22
6661-EIPZC,270,5,2022-05-15
2275-RBYQS,251,7,2022-10-15
7595-EUIVN,82,3,2022-11-05
2869-ADAWR,139,3,2022-03-10
3823-KYNQY,144,5,2022-10-08
7654-YWJUF,257,2,2022-12-17
4360-QRAVE,180,5,2022-12-08
6583-QGCSI,64,4,2022-12-24
9424-CMPOG,258,2,2022-11-29
2007-QVGAW,12,3,2022-08-19
3545-CNWRG,111,6,2022-12-08
7096-UCLNH,175,8,2022-11-13
1731-TVIUK,62,9,2022-11-03
5934-TSSAU,294,5,2022-09-15
3643-AHCFP,88,5,2022-06-22
1219-NNDDO,121,3,2022-02-01
2639-UGMAZ,204,6,2022-07-19
5651-WYIPH,26,4,2022-03-21
6682-QJDGB,223,4,2022-12-19
7562-UXTPG,230,5,2022-03-16
3990-QYKBE,275,2,2022-09-21
2386-OWURY,106,6,2022-03-26
0895-UADGO,149,3,2022-08-05
3295-YVUSR,151,7,2022-05-01
0215-BQKGS,265,2,2022-01-20
4581-LNWUM,283,8,2022-05-29
1163-ONYEY,18,7,2022-01-07
4293-ETKAP,270,4,2022-03-27
2186-QZEYA,291,2,2022-05-27
1455-HFBXA,145,2,2022-11-12
2824-MYYBN,297,10,2022-07-06
1066-JKSGK,35,5,2022-11-21
5294-CDGWY,175,5,2022-10-28
1478-VPOAD,209,3,2022-11-14
3223-WZWJM,295,5,2022-07-12
7446-KQISO,115,5,2022-10-09
4088-YLDSU,72,4,2022-07-07
6960-HVYXR,187,7,2022-01-18
9851-QXEEQ,200,2,2022-11-11
9494-MRNYX,130,7,2022-05-29
8967-SZQAS,179,6,2022-02-15
9548-LIGTA,266,1,2022-01-12
6374-NTQLP,290,7,2022-08-18
2592-SEIFQ,159,4,2022-04-23
5760-WRAHC,73,4,2022-06-09
7398-LXGYX,112,1,2022-08-15
7219-TLZHO,39,5,2022-07-02
6773-LQTVT,48,5,2022-02-24
4559-UWIHT,147,5,2022-09-23
7940-UQQUG,215,7,2022-02-04
3705-RHRFR,289,3,2022-03-21
0354-VXMJC,10,7,2022-01-06
5543-QDCRY,222,1,2022-05-07
2165-VOEGB,31,4,2022-03-09
6152-ONASV,231,6,2022-07-09
7909-FIOIY,288,3,2022-09-01
3620-EHIMZ,60,3,2022-01-09
5229-DTFYB,109,3,2022-06-06
8404-GFGCZ,22,3,2022-03-12
7781-HVGMK,209,6,2022-05-14
4635-EJYPD,47,3,2022-10-27
6490-FGZAT,93,5,2022-11-16
9725-SCPZG,78,8,2022-09-06
1333-PBMXB,161,4,2022-11-19
8118-LSUEL,270,5,2022-02-13
3082-VQXNH,138,2,2022-04-26
3512-IZIKN,93,3,2022-08-16
2439-LYPMQ,240,7,2022-02-26
3393-FMZPV,136,8,2022-09-01
7570-WELNY,233,5,2022-02-26
1439-LCGVL,38,5,2022-05-23
7014-ZZXAW,87,4,2022-07-11
3831-YCPUO,136,5,2022-01-07
0074-HDKDG,208,2,2022-10-02
5044-XDPYX,291,8,2022-05-14
7636-PEPNS,262,5,2022-02-08
5360-LJCNJ,296,1,2022-07-12
7296-PIXQY,129,5,2022-11-23
2720-WGKHP,155,6,2022-01-25
5980-BDHPY,251,5,2022-04-12
2257-BOVXD,179,6,2022-05-31
9050-IKDZA,84,10,2022-08-05
9194-GFVOI,111,4,2022-08-18
3334-CTHOL,62,7,2022-09-24
0329-GTIAJ,95,4,2022-06-11
1395-WSWXR,139,6,2022-10-14
5129-JLPIS,173,1,2022-06-15
2737-WFVYW,126,5,2022-09-04
2808-CHTDM,240,3,2022-06-23
6861-OKBCE,80,7,2022-01-09
3346-BRMIS,27,7,2022-10-03
8709-KRDVL,77,4,2022-02-28
4912-PIGUY,92,5,2022-03-26
8898-KASCD,107,7,2022-05-30
2418-TPEUN,98,5,2022-11-17
8715-KKTFG,270,1,2022-03-01
6877-LGWXO,257,6,2022-05-05
5446-DKWYW,62,8,2022-02-10
3002-WQZWT,13,6,2022-12-03
2834-JRTUA,17,3,2022-06-22
9365-SRSZE,135,7,2022-09-17
4897-QSUYC,226,7,2022-11-22
4056-QHXHZ,157,2,2022-06-22
6839-ITVZJ,75,5,2022-07-05
8874-EJNSR,24,7,2022-08-29
9274-CNFMO,85,5,2022-12-05
4636-QRJKY,232,6,2022-04-04
8167-GJLRN,23,2,2022-03-04
7037-MTYVW,169,8,2022-08-09
2357-COQEK,111,6,2022-01-08
0608-JDVEC,218,5,2022-08-01
8710-YGLWG,243,7,2022-07-28
0748-RDGGM,151,7,2022-07-28
5986-WWXDV,185,5,2022-03-26
2038-YSEZE,202,7,2022-07-26
0278-YXOOG,291,6,2022-12-13
7993-PYKOF,57,8,2022-06-02
4323-OHFOW,244,8,2022-06-10
0410-IPFTY,294,9,2022-04-26
7789-HKSBS,291,7,2022-12-28
8910-ICHIU,192,0,2022-09-08
7251-LJBQN,10,5,2022-07-02
5293-WXJAK,287,8,2022-06-13
4632-XJMEX,267,1,2022-11-24
6777-TGHTM,53,4,2022-03-21
0071-NDAFP,204,4,2022-01-07
6772-WFQRD,64,1,2022-11-21
6692-YQHXC,37,5,2022-03-28
6872-HXFNF,248,3,2022-01-08
5923-GXUOC,176,5,2022-02-05
5084-OOVCJ,211,2,2022-09-08
3813-DHBBB,287,4,2022-04-10
1915-OAKWD,26,11,2022-03-20
3617-XLSGQ,51,8,2022-10-13
9693-XMUOB,162,3,2022-09-28
7695-PKLCZ,262,5,2022-08-09
5049-GLYVG,147,7,2022-07-15
1871-MOWRM,51,5,2022-08-14
0308-GIQJT,31,5,2022-03-28
5419-KLXBN,31,4,2022-02-27
2027-CWDNU,149,5,2022-06-19
0847-HGRML,79,5,2022-04-07
8129-GMVGI,191,5,2022-05-26
6502-KUGLL,14,2,2022-12-24
9661-MHUMO,125,3,2022-01-18
9227-UAQFT,293,4,2022-07-03
8372-JUXUI,169,6,2022-05-23
0206-OYVOC,268,5,2022-11-30
6445-TNRXS,165,7,2022-03-03
4597-ELFTS,122,0,2022-06-12
1934-SJVJK,267,3,2022-02-09
3896-RCYYE,88,4,2022-06-28
5895-QSXOD,150,3,2022-08-23
2662-NNTDK,175,6,2022-03-01
7609-NRNCA,18,7,2022-08-16
6656-GULJQ,153,6,2022-08-27
5843-TTHGI,255,5,2022-02-25
6297-NOOPG,61,3,2022-08-22
5443-SCMKX,137,2,2022-03-25
5854-KSRBJ,174,6,2022-07-22
3669-WHAFY,106,7,2022-02-10
5181-OABFK,110,6,2022-01-17
0867-MKZVY,175,6,2022-04-15
5183-SNMJQ,132,4,2022-01-25
9685-WKZGT,254,2,2022-04-03
5176-OLSKT,36,7,2022-08-03
2916-BQZLN,220,5,2022-07-03
2226-ICFDO,266,4,2022-08-05
9297-FVVDH,248,4,2022-05-31
8735-IJJEG,289,4,2022-09-15
5649-VUKMC,294,3,2022-10-28
0401-WDBXM,267,3,2022-04-29
8405-IGQFX,89,1,2022-05-14
3014-WJKSM,49,4,2022-07-26
9610-WCESF,204,8,2022-09-20
6352-TWCAU,205,1,2022-11-18
2075-RMJIK,172,3,2022-07-09
3079-BCHLN,244,7,2022-06-07
5985-TBABQ,290,2,2022-03-17
2996-XAUVF,194,8,2022-02-21
0618-XWMSS,75,7,2022-08-14
9578-FOMUK,149,8,2022-04-04
1702-CCFNJ,213,7,2022-10-19
1069-XAIEM,212,6,2022-10-18
9560-BBZXK,226,4,2022-11-18
6614-YWYSC,291,3,2022-06-27
0336-KXKFK,167,4,2022-04-16
2604-IJPDU,76,0,2022-03-17
0016-QLJIS,244,7,2022-01-04
9495-SKLKD,131,4,2022-11-07
3200-MNQTF,89,6,2022-07-06
0292-WEGCH,19,4,2022-01-20
3192-LNKRK,252,5,2022-10-02
3551-HUAZH,287,2,2022-05-16
6465-GSRCL,6,2,2022-01-27
7182-OVLBJ,78,5,2022-05-16
2103-ZRXFN,68,3,2022-01-18
7982-VCELR,265,7,2022-10-12
2369-FEVNO,243,7,2022-10-29
3785-KTYSH,283,5,2022-05-18
2692-PFYTJ,205,3,2022-08-20
9356-AXGMP,297,1,2022-12-06
4282-MSACW,290,7,2022-09-14
8189-HBVRW,225,4,2022-08-07
9863-JZAIC,166,0,2022-05-12
0970-ETWGE,187,1,2022-12-23
4077-CROMM,269,5,2022-09-13
5451-MHQOF,136,8,2022-04-06
4102-HLENU,124,10,2022-10-01
7673-BQGKU,223,4,2022-11-30
5240-CAOYT,164,5,2022-10-28
1282-IHQAC,113,8,2022-01-15
4629-NRXKX,242,4,2022-06-28
8098-LLAZX,297,6,2022-09-17
5649-ANRML,71,6,2022-03-29
4751-ERMAN,191,5,2022-04-04
2603-HVKCG,40,6,2022-11-29
2019-HDCZY,53,9,2022-01-28
7036-TYDEC,260,4,2022-07-04
9909-DFRJA,111,5,2022-03-16
0795-GMVQO,12,4,2022-02-23
4765-OXPPD,240,7,2022-11-17
4188-PCPIG,182,9,2022-02-16
3389-KTRXV,246,5,2022-09-05
7442-YGZFK,45,6,2022-08-22
8028-PNXHQ,249,3,2022-04-28
0148-DCDOS,117,6,2022-09-17
9867-NNXLC,260,5,2022-08-18
9470-YFUYI,170,4,2022-10-17
9167-APMXZ,82,6,2022-08-29
8417-GSODA,211,7,2022-11-28
0843-WTBXE,200,5,2022-07-01
4111-BNXIF,68,5,2022-11-13
6569-KTMDU,144,6,2022-04-11
3845-JHAMY,46,1,2022-09-05
5429-LWCMV,213,5,2022-12-15
7268-WNTCP,77,2,2022-12-24
4307-KWMXE,157,6,2022-04-23
4957-TIALW,139,5,2022-08-09
6877-TJMBR,268,2,2022-12-05
9522-ZSINC,220,3,2022-05-28
4193-ORFCL,213,5,2022-10-23
7688-AWMDX,208,3,2022-07-16
2896-TBNBE,114,10,2022-03-10
3621-CHYVB,35,8,2022-10-15
0410-IPFTY,16,4,2022-01-24
1552-TKMXS,131,8,2022-07-05
5789-LDFXO,198,3,2022-06-19
2307-FYNNL,144,5,2022-10-18
0701-TJSEF,31,4,2022-02-01
5445-UTODQ,50,4,2022-10-28
6823-SIDFQ,139,6,2022-06-25
4505-EXZHB,62,10,2022-12-30
1213-NGCUN,17,4,2022-12-08
3197-NNYNB,104,8,2022-06-26
1488-SYSFC,53,8,2022-10-17
9206-GVPEQ,295,6,2022-05-24
3884-UEBXB,98,5,2022-01-11
2061-VVFST,99,5,2022-05-27
6230-BSUXY,149,7,2022-12-14
7384-GHBPI,76,5,2022-11-06
1867-BDVFH,14,6,2022-07-14
5644-PDMZC,166,8,2022-03-17
2351-RRBUE,218,7,2022-06-09
3685-YLCMQ,8,6,2022-04-10
0577-WHMEV,228,6,2022-04-26
7601-GNDYK,33,4,2022-03-24
2153-MREFK,207,2,2022-11-08
1075-BGWOH,81,4,2022-03-04
1036-GUDCL,63,2,2022-05-12
0708-LGSMF,200,7,2022-09-05
0578-SKVMF,111,3,2022-05-11
3981-QSVQI,13,2,2022-06-07
8710-YGLWG,24,4,2022-08-04
4057-FKCZK,153,4,2022-11-22
0318-ZOPWS,21,2,2022-02-03
6177-PEVRA,16,6,2022-11-28
9436-ZBZCT,86,5,2022-10-25
7926-IJOOU,71,4,2022-10-06
3301-LSLWQ,137,5,2022-10-23
2860-RANUS,57,4,2022-01-15
0623-EJQEG,210,1,2022-04-25
1716-LSAMB,237,4,2022-02-26
9755-JHNMN,58,9,2022-05-22
5505-OVWQW,72,5,2022-07-26
3585-ISXZP,295,4,2022-05-20
9968-FFVVH,173,8,2022-04-17
6692-YQHXC,165,5,2022-10-18
1942-OQFRW,19,6,2022-03-19
4908-XAXAY,195,2,2022-01-02
4692-NNQRU,19,5,2022-10-01
1925-TIBLE,291,5,2022-02-04
3407-QGWLG,14,4,2022-09-22
9140-CZQZZ,61,3,2022-08-06
3045-XETSH,203,4,2022-03-08
8701-DGLVH,165,5,2022-03-10
3348-CFRNX,267,7,2022-08-12
1925-TIBLE,257,5,2022-12-27
0181-RITDD,123,8,2022-10-21
9633-XQABV,84,4,2022-11-22
9544-PYPSJ,128,5,2022-07-22
9286-DOJGF,76,1,2022-03-22
1400-WIVLL,172,5,2022-03-07
0292-WEGCH,288,7,2022-10-24
2122-SZZZD,40,3,2022-10-07
7850-VWJUU,179,6,2022-09-18
5345-BMKWB,203,10,2022-10-04
7979-CORPM,120,4,2022-01-06
9361-YNQWJ,224,5,2022-05-12
5616-PRTNT,70,8,2022-09-22
7666-WKRON,269,7,2022-11-21
7901-HXJVA,138,10,2022-03-09
2880-FPNAE,123,3,2022-05-06
5849-ASHZJ,126,5,2022-11-11
6114-TCFID,91,8,2022-06-20
3588-WSTTJ,293,6,2022-12-02
1790-NESIO,141,5,2022-01-29
2067-QYTCF,57,1,2022-06-25
6979-ZNSFF,209,5,2022-11-03
8654-DHAOW,55,3,2022-10-19
3746-EUBYR,44,2,2022-11-28
4061-UKJWL,254,4,2022-04-15
7825-ECJRF,222,10,2022-02-14
2903-YYTBW,183,4,2022-04-11
9526-BIHHD,43,3,2022-08-14
5214-CHIWJ,187,4,2022-04-14
8086-OVPWV,228,4,2022-09-19
4146-SVFUD,168,7,2022-09-10
9629-NHXFW,238,3,2022-06-14
6250-CGGUN,197,4,2022-10-19
7973-DZRKH,89,4,2022-07-31
4581-LNWUM,247,4,2022-05-24
3374-TTZTK,177,9,2022-08-24
9541-ZPSEA,41,6,2022-01-22
7470-MCQTK,91,2,2022-03-10
4883-KCPZJ,133,8,2022-03-10
5294-IMHHT,198,5,2022-09-03
6368-NWMCE,47,5,2022-03-04
9967-ATRFS,163,8,2022-08-25
5899-MQZZL,109,7,2022-11-27
3339-EAQNV,233,6,2022-12-29
8984-EYLLL,221,8,2022-01-19
5803-NQJZO,268,3,2022-08-19
1813-JYWTO,53,4,2022-08-17
8399-YNDCH,127,4,2022-12-24
4707-MAXGU,29,3,2022-05-07
5153-RTHKF,135,3,2022-05-26
4070-OKWVH,228,3,2022-11-25
5999-LCXAO,103,1,2022-04-24
9912-OMZDS,294,6,2022-08-31
9386-LDCZR,201,3,2022-05-25
4176-FXYBO,113,1,2022-02-10
7080-TNUWP,224,3,2022-06-10
3077-RSNTJ,268,3,2022-12-04
4369-HTUIF,212,9,2022-03-18
8417-GSODA,86,4,2022-06-17
9313-QOLTZ,29,5,2022-10-11
9094-AZPHK,190,5,2022-04-20
6615-ZGEDR,12,7,2022-07-14
4538-WNTMJ,128,7,2022-08-16
9898-KZQDZ,153,4,2022-06-16
6166-ILMNY,102,6,2022-01-21
7322-OCWHC,220,4,2022-06-14
4701-AHWMW,105,2,2022-05-10
8819-WFGGJ,222,8,2022-09-19
9637-CDTKZ,263,2,2022-02-21
3320-VEOYC,15,3,2022-09-18
1724-IQWNM,63,3,2022-06-24
4989-LIXVT,254,2,2022-10-26
5003-XZWWO,144,6,2022-04-06
6166-ILMNY,42,6,2022-12-23
7100-FQPRV,126,3,2022-02-09
0390-DCFDQ,69,7,2022-07-28
7816-VGHTO,150,4,2022-05-22
3727-JEZTU,129,3,2022-09-15
7056-IMHCC,195,6,2022-06-16
9443-JUBUO,267,7,2022-07-10
5799-JRCZO,186,4,2022-11-15
3148-AOIQT,163,3,2022-04-29
2541-YGPKE,291,4,2022-05-26
0362-ZBZWJ,166,2,2022-12-16
4706-AXVKM,267,7,2022-12-01
7432-FFVAR,221,6,2022-05-09
2293-IJWPS,185,5,2022-05-25
4902-OHLSK,95,4,2022-02-23
3219-JQRSL,21,7,2022-05-02
8212-CRQXP,129,5,2022-05-04
8938-UMKPI,264,6,2022-06-16
1041-RXHRA,218,2,2022-11-18
7096-ZNBZI,243,4,2022-05-23
8847-GEOOQ,184,7,2022-01-22
2969-VAPYH,176,3,2022-10-03
1971-DTCZB,147,4,2022-12-15
5148-ORICT,248,4,2022-10-26
7746-QYVCO,236,5,2022-10-04
0380-ZCSBI,176,2,2022-10-31
7061-OVMIM,281,6,2022-11-18
2237-ZFSMY,81,5,2022-04-25
5529-GIBVH,53,4,2022-09-29
4116-IQRFR,252,4,2022-06-17
0219-YTZUE,287,4,2022-10-04
5215-LNLDJ,291,6,2022-12-23
9840-DVNDC,36,5,2022-09-21
1217-VASWC,162,2,2022-09-07
6319-QSUSR,22,4,2022-09-12
3223-DWFIO,67,8,2022-12-08
7072-MBHEV,132,7,2022-02-27
1689-YQBYY,20,10,2022-01-05
0827-ITJPH,167,4,2022-04-21
7929-DMBCV,255,4,2022-12-31
0623-GDISB,141,2,2022-10-13
6738-ISCBM,299,2,2022-12-17
9929-PLVPA,183,5,2022-09-22
2305-MRGLV,233,5,2022-09-06
8374-UULRV,184,5,2022-04-05
1043-YCUTE,76,8,2022-12-17
4652-ODEVH,87,5,2022-10-24
6302-JGYRJ,140,9,2022-11-03
9206-GVPEQ,222,6,2022-07-04
8564-LDKFL,113,5,2022-08-17
8663-UPDGF,123,7,2022-11-13
9079-LWTFD,22,2,2022-09-19
6729-FZWSY,158,3,2022-04-29
6897-UUBNU,15,6,2022-08-22
7163-OCEQI,142,2,2022-10-09
4682-BLBUC,66,4,2022-07-21
3874-EQOEP,75,3,2022-09-19
9938-EKRGF,65,7,2022-02-22
7742-MYPGI,136,6,2022-11-13
7594-RQHXR,65,4,2022-06-10
8205-MQUGY,273,5,2022-09-01
2027-WKXMW,16,7,2022-04-04
2947-DOMLJ,39,7,2022-02-09
7980-MHFLQ,55,1,2022-10-07
1902-XBTFB,47,5,2022-04-02
2931-XIQBR,232,4,2022-10-28
1545-JFUML,115,6,2022-02-07
0723-FDLAY,19,6,2022-08-31
9391-LMANN,181,6,2022-12-30
0621-CXBKL,166,7,2022-05-16
8050-XGRVL,43,8,2022-03-05
3777-XROBG,30,3,2022-12-09
8706-HRADD,116,6,2022-12-29
3642-GKTCT,55,2,2022-07-20
9840-DVNDC,102,2,2022-11-03
4072-IPYLT,174,1,2022-09-19
2108-YKQTY,60,5,2022-06-24
5868-CZJDR,225,5,2022-06-26
8050-DVOJX,150,4,2022-03-26
4187-CINZD,264,4,2022-06-09
1972-XMUWV,133,3,2022-07-01
1453-RZFON,54,3,2022-02-05
9743-DQKQW,24,5,2022-12-11
0336-KXKFK,178,5,2022-04-09
2661-GKBTK,287,2,2022-08-14
7228-OMTPN,30,3,2022-02-06
5501-TVMGM,164,5,2022-09-30
0397-ZXWQF,14,2,2022-09-29
1077-HUUJM,86,8,2022-07-05
4840-ORQXB,260,1,2022-02-18
3165-HDOEW,109,2,2022-04-04
5868-YTYKS,144,10,2022-11-03
6161-ERDGD,206,7,2022-08-14
4695-VADHF,28,2,2022-01-05
4072-IPYLT,50,4,2022-12-19
3327-YBAKM,221,4,2022-06-23
5937-EORGB,59,3,2022-07-02
1986-PHGZF,82,6,2022-03-14
6646-VRFOL,163,4,2022-05-25
0308-GIQJT,276,4,2022-06-01
6961-VCPMC,152,5,2022-02-25
3254-YRILK,42,6,2022-07-02
4632-XJMEX,115,6,2022-05-02
6961-MJKBO,19,7,2022-09-01
4785-FCIFB,82,5,2022-07-23
4079-WWQQQ,80,2,2022-03-20
